"Name","Live Bytes","Live Objects"
"byte[]","4,715,648 B (37.6%)","35,492 (19.7%)"
"int[]","1,865,784 B (14.9%)","3,721 (2.1%)"
"java.util.HashMap$Node","698,816 B (5.6%)","21,838 (12.1%)"
"java.lang.String","633,024 B (5.1%)","26,376 (14.6%)"
"jdk.internal.org.objectweb.asm.Item","430,024 B (3.4%)","7,679 (4.3%)"
"java.lang.Object[]","388,512 B (3.1%)","8,450 (4.7%)"
"java.util.HashMap$Node[]","355,312 B (2.8%)","1,560 (0.9%)"
"java.lang.Class","260,480 B (2.1%)","2,139 (1.2%)"
"char[]","224,816 B (1.8%)","562 (0.3%)"
"jdk.internal.org.objectweb.asm.Item[]","194,960 B (1.6%)","277 (0.2%)"
"java.lang.Class[]","147,984 B (1.2%)","5,366 (3%)"
"java.util.TreeMap$Entry","140,480 B (1.1%)","3,512 (1.9%)"
"java.util.concurrent.ConcurrentHashMap$Node","139,296 B (1.1%)","4,353 (2.4%)"
"java.lang.invoke.MethodType","123,040 B (1%)","3,076 (1.7%)"
"long[]","118,320 B (0.9%)","359 (0.2%)"
"java.lang.invoke.MethodType$ConcurrentWeakInternSet$WeakEntry","117,696 B (0.9%)","3,678 (2%)"
"java.lang.reflect.Method","102,080 B (0.8%)","1,160 (0.6%)"
"java.lang.String[]","89,592 B (0.7%)","2,264 (1.3%)"
"java.lang.invoke.MemberName","83,664 B (0.7%)","1,743 (1%)"
"java.lang.StringBuilder","74,784 B (0.6%)","3,116 (1.7%)"
"java.util.LinkedHashMap$Entry","74,040 B (0.6%)","1,851 (1%)"
"jdk.internal.org.objectweb.asm.MethodWriter","73,920 B (0.6%)","330 (0.2%)"
"java.lang.invoke.LambdaForm$Name","65,248 B (0.5%)","2,039 (1.1%)"
"java.util.HashMap","61,488 B (0.5%)","1,281 (0.7%)"
"java.util.concurrent.ConcurrentHashMap$Node[]","48,256 B (0.4%)","124 (0.1%)"
"java.lang.invoke.LambdaForm$Name[]","45,376 B (0.4%)","720 (0.4%)"
"java.util.TreeMap","44,448 B (0.4%)","926 (0.5%)"
"java.nio.DirectByteBufferR","32,960 B (0.3%)","515 (0.3%)"
"jdk.internal.org.objectweb.asm.ClassWriter","31,680 B (0.3%)","180 (0.1%)"
"jdk.internal.org.objectweb.asm.Label","29,376 B (0.2%)","459 (0.3%)"
"java.util.HashMap$KeyIterator","26,240 B (0.2%)","656 (0.4%)"
"jdk.internal.org.objectweb.asm.ByteVector","25,344 B (0.2%)","1,056 (0.6%)"
"java.lang.ref.SoftReference[]","22,440 B (0.2%)","330 (0.2%)"
"java.lang.Integer","22,384 B (0.2%)","1,399 (0.8%)"
"jdk.internal.org.objectweb.asm.AnnotationWriter","20,496 B (0.2%)","366 (0.2%)"
"java.lang.invoke.LambdaFormEditor$Transform","19,824 B (0.2%)","354 (0.2%)"
"java.util.ArrayList","19,392 B (0.2%)","808 (0.4%)"
"java.lang.reflect.Constructor","18,480 B (0.1%)","231 (0.1%)"
"java.util.TreeMap$KeyIterator","18,240 B (0.1%)","570 (0.3%)"
"java.util.TreeMap$ValueIterator","18,176 B (0.1%)","568 (0.3%)"
"java.util.ArrayList$Itr","16,544 B (0.1%)","517 (0.3%)"
"java.util.HashMap$EntryIterator","15,880 B (0.1%)","397 (0.2%)"
"java.util.ImmutableCollections$SetN$SetNIterator","15,192 B (0.1%)","633 (0.4%)"
"java.util.stream.ReferencePipeline$Head","14,840 B (0.1%)","265 (0.1%)"
"java.util.ImmutableCollections$Set12$1","14,760 B (0.1%)","615 (0.3%)"
"jdk.internal.org.objectweb.asm.Type","13,792 B (0.1%)","431 (0.2%)"
"javax.management.ImmutableDescriptor","13,632 B (0.1%)","568 (0.3%)"
"java.lang.invoke.ResolvedMethodName","12,744 B (0.1%)","531 (0.3%)"
"jdk.internal.org.objectweb.asm.Frame","12,384 B (0.1%)","258 (0.1%)"
"java.lang.PublicMethods$Key","12,048 B (0.1%)","502 (0.3%)"
"java.lang.PublicMethods$MethodList","12,048 B (0.1%)","502 (0.3%)"
"java.lang.ref.SoftReference","11,800 B (0.1%)","295 (0.2%)"
"java.lang.invoke.MethodTypeForm","11,648 B (0.1%)","208 (0.1%)"
"java.lang.reflect.Method[]","11,528 B (0.1%)","189 (0.1%)"
"java.lang.Class$ReflectionData","10,944 B (0.1%)","171 (0.1%)"
"java.lang.invoke.ClassSpecializer$Factory$1Var","10,656 B (0.1%)","222 (0.1%)"
"java.lang.invoke.LambdaForm$NamedFunction","10,624 B (0.1%)","332 (0.2%)"
"java.util.Optional","10,384 B (0.1%)","649 (0.4%)"
"java.lang.reflect.Field","10,224 B (0.1%)","142 (0.1%)"
"java.util.regex.Matcher","9,936 B (0.1%)","138 (0.1%)"
"java.lang.module.ModuleDescriptor$Exports","9,624 B (0.1%)","401 (0.2%)"
"java.lang.reflect.ProxyGenerator$ConstantPool$IndirectEntry","9,456 B (0.1%)","394 (0.2%)"
"java.util.TreeMap$KeySet","9,120 B (0.1%)","570 (0.3%)"
"java.util.TreeMap$Values","9,088 B (0.1%)","568 (0.3%)"
"java.lang.invoke.InnerClassLambdaMetafactory","8,632 B (0.1%)","83 (0%)"
"java.util.HashSet","8,592 B (0.1%)","537 (0.3%)"
"java.lang.invoke.LambdaForm","8,544 B (0.1%)","178 (0.1%)"
"java.util.TreeMap$EntryIterator","8,448 B (0.1%)","264 (0.1%)"
"sun.security.util.KnownOIDs","7,904 B (0.1%)","247 (0.1%)"
"java.lang.invoke.DirectMethodHandle$Accessor","7,360 B (0.1%)","184 (0.1%)"
"javax.management.Descriptor[]","7,304 B (0.1%)","300 (0.2%)"
"java.util.concurrent.ConcurrentHashMap","6,976 B (0.1%)","109 (0.1%)"
"java.lang.invoke.MethodHandle[]","6,856 B (0.1%)","126 (0.1%)"
"com.sun.management.internal.DiagnosticCommandArgumentInfo","6,400 B (0.1%)","160 (0.1%)"
"java.lang.Byte","6,352 B (0.1%)","397 (0.2%)"
"java.util.ImmutableCollections$Set12","6,288 B (0.1%)","262 (0.1%)"
"java.net.URL","6,080 B (0%)","95 (0.1%)"
"java.lang.module.ModuleDescriptor$Requires","5,984 B (0%)","187 (0.1%)"
"java.lang.invoke.InvokerBytecodeGenerator","5,952 B (0%)","93 (0.1%)"
"jdk.internal.org.objectweb.asm.FieldWriter","5,952 B (0%)","93 (0.1%)"
"java.net.URI","5,920 B (0%)","74 (0%)"
"javax.management.MBeanParameterInfo[]","5,888 B (0%)","248 (0.1%)"
"java.util.HashMap$EntrySet","5,888 B (0%)","368 (0.2%)"
"java.util.KeyValueHolder","5,616 B (0%)","234 (0.1%)"
"java.lang.invoke.MethodHandles$Lookup","5,616 B (0%)","234 (0.1%)"
"short[]","5,432 B (0%)","83 (0%)"
"java.util.stream.ReferencePipeline$2","5,312 B (0%)","83 (0%)"
"java.util.concurrent.ConcurrentHashMap$ValueIterator","5,208 B (0%)","93 (0.1%)"
"java.util.stream.ReferencePipeline$3","5,184 B (0%)","81 (0%)"
"java.util.Arrays$ArrayList","5,112 B (0%)","213 (0.1%)"
"jdk.internal.ref.CleanerImpl$PhantomCleanableRef","5,088 B (0%)","106 (0.1%)"
"java.util.WeakHashMap$Entry","5,080 B (0%)","127 (0.1%)"
"com.sun.jmx.mbeanserver.ConvertingMethod","4,928 B (0%)","154 (0.1%)"
"java.util.stream.ReferencePipeline$7","4,928 B (0%)","77 (0%)"
"javax.management.MBeanOperationInfo","4,880 B (0%)","122 (0.1%)"
"java.lang.invoke.DirectMethodHandle","4,864 B (0%)","152 (0.1%)"
"jdk.internal.org.objectweb.asm.Type[]","4,864 B (0%)","130 (0.1%)"
"javax.management.ObjectName$Property[]","4,856 B (0%)","140 (0.1%)"
"java.lang.Object","4,784 B (0%)","299 (0.2%)"
"java.nio.HeapCharBuffer","4,704 B (0%)","98 (0.1%)"
"java.lang.Object[][]","4,552 B (0%)","5 (0%)"
"java.lang.module.ModuleDescriptor","4,544 B (0%)","71 (0%)"
"java.util.LinkedHashMap","4,480 B (0%)","80 (0%)"
"javax.management.MBeanAttributeInfo[]","4,440 B (0%)","91 (0.1%)"
"java.lang.invoke.LambdaFormEditor","4,352 B (0%)","272 (0.2%)"
"java.util.TreeMap$EntrySet","4,224 B (0%)","264 (0.1%)"
"java.nio.ByteBuffer[]","4,112 B (0%)","1 (0%)"
"java.util.ImmutableCollections$SetN","4,056 B (0%)","169 (0.1%)"
"com.sun.management.internal.DiagnosticCommandInfo","4,032 B (0%)","84 (0%)"
"jdk.internal.module.ServicesCatalog$ServiceProvider","3,984 B (0%)","166 (0.1%)"
"java.lang.Module","3,976 B (0%)","71 (0%)"
"jdk.internal.module.ModuleReferenceImpl","3,976 B (0%)","71 (0%)"
"jdk.internal.module.Builder","3,976 B (0%)","71 (0%)"
"java.lang.invoke.LambdaFormBuffer","3,936 B (0%)","82 (0%)"
"java.util.ImmutableCollections$ListItr","3,872 B (0%)","121 (0.1%)"
"java.util.WeakHashMap$Entry[]","3,856 B (0%)","37 (0%)"
"java.math.BigInteger","3,600 B (0%)","90 (0%)"
"java.util.Arrays$ArrayItr","3,528 B (0%)","147 (0.1%)"
"java.lang.invoke.BoundMethodHandle$Species_L","3,520 B (0%)","110 (0.1%)"
"java.util.stream.FindOps$FindSink$OfRef","3,480 B (0%)","145 (0.1%)"
"java.lang.reflect.Constructor[]","3,408 B (0%)","148 (0.1%)"
"java.lang.ref.WeakReference","3,392 B (0%)","106 (0.1%)"
"java.util.Collections$UnmodifiableSet","3,344 B (0%)","209 (0.1%)"
"java.lang.Thread","3,312 B (0%)","9 (0%)"
"com.sun.jmx.mbeanserver.MXBeanMapping[]","3,304 B (0%)","165 (0.1%)"
"javax.management.openmbean.OpenMBeanAttributeInfoSupport","3,136 B (0%)","49 (0%)"
"java.util.HashMap$KeySet","2,960 B (0%)","185 (0.1%)"
"java.util.Spliterators$IteratorSpliterator","2,920 B (0%)","73 (0%)"
"java.lang.module.ModuleDescriptor$Exports[]","2,872 B (0%)","71 (0%)"
"jdk.internal.reflect.ConstantPool","2,768 B (0%)","173 (0.1%)"
"com.sun.management.internal.DiagnosticCommandImpl$Wrapper","2,688 B (0%)","84 (0%)"
"javax.management.MBeanInfo","2,640 B (0%)","55 (0%)"
"boolean[]","2,584 B (0%)","15 (0%)"
"java.util.concurrent.ConcurrentHashMap$MapEntry","2,544 B (0%)","106 (0.1%)"
"com.sun.jmx.mbeanserver.MBeanAnalyzer$AttrMethods","2,544 B (0%)","106 (0.1%)"
"java.io.ObjectStreamField","2,520 B (0%)","63 (0%)"
"java.security.Provider$ServiceKey","2,496 B (0%)","104 (0.1%)"
"sun.util.locale.LocaleObjectCache$CacheEntry","2,400 B (0%)","50 (0%)"
"java.lang.invoke.ConstantCallSite","2,352 B (0%)","98 (0.1%)"
"java.lang.invoke.MethodHandleNatives$CallSiteContext","2,352 B (0%)","98 (0.1%)"
"java.util.AbstractList$RandomAccessSpliterator","2,304 B (0%)","72 (0%)"
"java.util.Collections$UnmodifiableCollection$1","2,304 B (0%)","96 (0.1%)"
"java.util.ImmutableCollections$List12","2,304 B (0%)","96 (0.1%)"
"java.security.Provider$Service","2,296 B (0%)","41 (0%)"
"java.io.File","2,240 B (0%)","70 (0%)"
"com.sun.jmx.mbeanserver.WeakIdentityHashMap$IdentityWeakReference","2,240 B (0%)","70 (0%)"
"javax.management.MBeanOperationInfo[]","2,232 B (0%)","65 (0%)"
"java.lang.invoke.InvokerBytecodeGenerator$CpPatch","2,232 B (0%)","93 (0.1%)"
"java.util.regex.IntHashSet[]","2,208 B (0%)","138 (0.1%)"
"byte[][]","2,168 B (0%)","5 (0%)"
"java.util.concurrent.ConcurrentHashMap$ReservationNode","2,144 B (0%)","67 (0%)"
"java.lang.invoke.LambdaForm$Kind","2,112 B (0%)","66 (0%)"
"sun.security.util.KnownOIDs[]","2,096 B (0%)","2 (0%)"
"com.sun.management.internal.DiagnosticCommandArgumentInfo[]","2,080 B (0%)","84 (0%)"
"java.util.LinkedHashMap$LinkedEntryIterator","2,080 B (0%)","65 (0%)"
"java.lang.module.ModuleDescriptor$Requires[]","2,056 B (0%)","71 (0%)"
"javax.management.MBeanAttributeInfo","2,048 B (0%)","64 (0%)"
"java.lang.invoke.InnerClassLambdaMetafactory$ForwardingMethodGenerator","1,992 B (0%)","83 (0%)"
"java.util.stream.ReferencePipeline$2$1","1,992 B (0%)","83 (0%)"
"java.lang.invoke.InfoFromMemberName","1,992 B (0%)","83 (0%)"
"java.lang.invoke.MethodHandleImpl$IntrinsicMethodHandle","1,960 B (0%)","49 (0%)"
"java.util.stream.ReferencePipeline$3$1","1,944 B (0%)","81 (0%)"
"java.time.LocalDateTime","1,920 B (0%)","80 (0%)"
"java.lang.reflect.Type[]","1,880 B (0%)","83 (0%)"
"java.util.concurrent.CopyOnWriteArrayList","1,872 B (0%)","78 (0%)"
"javax.management.ObjectName$Property","1,872 B (0%)","78 (0%)"
"java.util.stream.ReferencePipeline$7$1","1,848 B (0%)","77 (0%)"
"java.lang.invoke.BoundMethodHandle$Species_LL","1,800 B (0%)","45 (0%)"
"java.lang.reflect.ProxyGenerator$ConstantPool$ValueEntry","1,792 B (0%)","112 (0.1%)"
"java.util.stream.Streams$StreamBuilderImpl","1,776 B (0%)","74 (0%)"
"sun.reflect.generics.tree.FieldTypeSignature[]","1,752 B (0%)","79 (0%)"
"jdk.internal.reflect.NativeConstructorAccessorImpl","1,728 B (0%)","72 (0%)"
"java.lang.ref.ReferenceQueue","1,728 B (0%)","54 (0%)"
"java.lang.ProcessEnvironment$Variable","1,704 B (0%)","71 (0%)"
"java.lang.module.ModuleFinder$2$$Lambda$15.0x0000000100066040","1,704 B (0%)","71 (0%)"
"java.lang.ProcessEnvironment$Value","1,704 B (0%)","71 (0%)"
"jdk.internal.module.SystemModuleFinders$2","1,704 B (0%)","71 (0%)"
"java.lang.management.ManagementPermission","1,680 B (0%)","70 (0%)"
"java.lang.invoke.SimpleMethodHandle","1,632 B (0%)","51 (0%)"
"java.nio.HeapByteBuffer","1,632 B (0%)","34 (0%)"
"java.lang.module.ModuleDescriptor$Provides","1,632 B (0%)","68 (0%)"
"javax.management.openmbean.OpenType[]","1,560 B (0%)","55 (0%)"
"sun.reflect.generics.tree.TypeArgument[]","1,544 B (0%)","87 (0%)"
"java.lang.module.ModuleDescriptor$Provides[]","1,528 B (0%)","71 (0%)"
"javax.management.ObjectName","1,504 B (0%)","47 (0%)"
"java.util.regex.Pattern","1,496 B (0%)","17 (0%)"
"java.time.LocalDate","1,464 B (0%)","61 (0%)"
"jdk.internal.module.ModuleBootstrap$2","1,464 B (0%)","61 (0%)"
"jdk.internal.module.SystemModuleFinders$SystemModuleReader","1,464 B (0%)","61 (0%)"
"java.lang.module.ResolvedModule","1,464 B (0%)","61 (0%)"
"jdk.internal.loader.BuiltinClassLoader$LoadedModule","1,464 B (0%)","61 (0%)"
"jdk.internal.loader.BuiltinClassLoader$5","1,464 B (0%)","61 (0%)"
"java.time.temporal.ValueRange","1,440 B (0%)","30 (0%)"
"javax.management.MBeanParameterInfo","1,408 B (0%)","44 (0%)"
"javax.management.MBeanServerNotification","1,400 B (0%)","25 (0%)"
"java.lang.invoke.LambdaForm$NamedFunction[]","1,392 B (0%)","29 (0%)"
"sun.reflect.generics.tree.SimpleClassTypeSignature","1,392 B (0%)","58 (0%)"
"java.util.concurrent.ConcurrentHashMap$ForwardingNode","1,344 B (0%)","42 (0%)"
"java.lang.invoke.BoundMethodHandle$Species_LLLL","1,344 B (0%)","28 (0%)"
"java.util.ImmutableCollections$ListN","1,328 B (0%)","83 (0%)"
"java.util.LinkedHashMap$LinkedValueIterator","1,312 B (0%)","41 (0%)"
"java.lang.invoke.VarHandle$AccessMode[]","1,296 B (0%)","9 (0%)"
"java.lang.invoke.BoundMethodHandle$Species_LLLLLLIIL","1,280 B (0%)","20 (0%)"
"java.util.Map$Entry[]","1,256 B (0%)","7 (0%)"
"java.time.zone.ZoneOffsetTransition","1,248 B (0%)","39 (0%)"
"java.util.WeakHashMap","1,248 B (0%)","26 (0%)"
"java.time.temporal.ChronoField","1,200 B (0%)","30 (0%)"
"java.math.BigInteger[]","1,184 B (0%)","38 (0%)"
"java.lang.module.ModuleDescriptor$Opens[]","1,160 B (0%)","71 (0%)"
"java.lang.invoke.InnerClassLambdaMetafactory$1","1,152 B (0%)","48 (0%)"
"java.lang.invoke.BoundMethodHandle$SpeciesData","1,152 B (0%)","24 (0%)"
"jdk.internal.reflect.DelegatingConstructorAccessorImpl","1,152 B (0%)","72 (0%)"
"java.security.Provider$UString","1,152 B (0%)","48 (0%)"
"java.lang.module.ModuleFinder$2$$Lambda$9.0x0000000100064440","1,136 B (0%)","71 (0%)"
"java.lang.Integer[]","1,128 B (0%)","4 (0%)"
"java.security.AccessControlContext","1,120 B (0%)","28 (0%)"
"sun.util.locale.BaseLocale$Key","1,120 B (0%)","35 (0%)"
"sun.util.locale.BaseLocale","1,120 B (0%)","35 (0%)"
"java.util.jar.Attributes$Name","1,080 B (0%)","45 (0%)"
"javax.management.openmbean.ArrayType","1,064 B (0%)","19 (0%)"
"jdk.internal.module.SystemModuleFinders$3","1,056 B (0%)","66 (0%)"
"java.lang.Byte[]","1,040 B (0%)","1 (0%)"
"sun.nio.fs.UnixFileAttributes","1,024 B (0%)","8 (0%)"
"sun.invoke.util.Wrapper[]","1,024 B (0%)","20 (0%)"
"java.lang.annotation.Annotation[][]","1,016 B (0%)","44 (0%)"
"java.lang.invoke.MemberName[]","1,008 B (0%)","7 (0%)"
"java.lang.invoke.VarHandle$AccessMode","992 B (0%)","31 (0%)"
"java.lang.PublicMethods","984 B (0%)","41 (0%)"
"com.sun.jmx.mbeanserver.PerInterface$MethodAndSig","984 B (0%)","41 (0%)"
"java.security.Provider$EngineDescription","960 B (0%)","30 (0%)"
"java.lang.invoke.BoundMethodHandle$SpeciesData[]","960 B (0%)","24 (0%)"
"java.util.regex.Pattern$GroupHead[]","952 B (0%)","17 (0%)"
"java.lang.annotation.Annotation[]","944 B (0%)","59 (0%)"
"java.util.Collections$UnmodifiableRandomAccessList","936 B (0%)","39 (0%)"
"java.util.Hashtable$Entry[]","928 B (0%)","15 (0%)"
"sun.reflect.generics.tree.ClassTypeSignature","928 B (0%)","58 (0%)"
"com.sun.jmx.mbeanserver.MXBeanSupport","920 B (0%)","23 (0%)"
"java.lang.invoke.BoundMethodHandle$Species_LLLLLL","896 B (0%)","16 (0%)"
"java.lang.ref.ReferenceQueue$Lock","896 B (0%)","56 (0%)"
"java.lang.reflect.ProxyGenerator$ExceptionTableEntry","888 B (0%)","37 (0%)"
"java.io.FileDescriptor","880 B (0%)","22 (0%)"
"double[]","864 B (0%)","11 (0%)"
"sun.nio.fs.UnixPath","864 B (0%)","27 (0%)"
"java.io.DataOutputStream","840 B (0%)","21 (0%)"
"java.util.Collections$SingletonList","840 B (0%)","35 (0%)"
"java.lang.invoke.BoundMethodHandle$Species_LLLLL","816 B (0%)","17 (0%)"
"sun.reflect.generics.visitor.Reifier","816 B (0%)","34 (0%)"
"java.lang.reflect.Field[]","808 B (0%)","15 (0%)"
"java.util.Locale","800 B (0%)","25 (0%)"
"javax.management.openmbean.OpenMBeanParameterInfoSupport","784 B (0%)","14 (0%)"
"java.lang.invoke.StringConcatFactory$RecipeElement","768 B (0%)","32 (0%)"
"java.nio.DirectByteBuffer","768 B (0%)","12 (0%)"
"java.lang.invoke.BoundMethodHandle$Species_LLLLLLII","768 B (0%)","12 (0%)"
"com.sun.jmx.mbeanserver.DefaultMXBeanMappingFactory$IdentityMapping","768 B (0%)","32 (0%)"
"java.util.HashMap$ValueIterator","760 B (0%)","19 (0%)"
"javax.management.openmbean.CompositeType","728 B (0%)","13 (0%)"
"javax.management.MBeanNotificationInfo[]","728 B (0%)","33 (0%)"
"java.lang.reflect.ProxyGenerator$MethodInfo","720 B (0%)","15 (0%)"
"sun.reflect.generics.repository.MethodRepository","720 B (0%)","18 (0%)"
"java.util.concurrent.CopyOnWriteArrayList$COWIterator","720 B (0%)","30 (0%)"
"java.util.Date","720 B (0%)","30 (0%)"
"java.lang.invoke.BoundMethodHandle$Species_LLL","680 B (0%)","17 (0%)"
"java.util.Hashtable$Entry","672 B (0%)","21 (0%)"
"java.util.Hashtable","672 B (0%)","14 (0%)"
"java.lang.invoke.BoundMethodHandle$Species_LLLLLLI","672 B (0%)","12 (0%)"
"java.util.LinkedHashMap$LinkedValues","656 B (0%)","41 (0%)"
"javax.management.ObjectInstance","648 B (0%)","27 (0%)"
"java.lang.ClassNotFoundException","640 B (0%)","16 (0%)"
"java.lang.invoke.LambdaForm[]","624 B (0%)","3 (0%)"
"sun.reflect.generics.parser.SignatureParser","624 B (0%)","26 (0%)"
"java.util.jar.JarFile$JarFileEntry","624 B (0%)","6 (0%)"
"java.time.LocalTime","624 B (0%)","26 (0%)"
"java.io.FileCleanable","616 B (0%)","11 (0%)"
"sun.reflect.generics.factory.CoreReflectionFactory","600 B (0%)","25 (0%)"
"com.sun.jmx.mbeanserver.NamedObject","600 B (0%)","25 (0%)"
"java.io.ObjectStreamField[]","592 B (0%)","19 (0%)"
"java.util.regex.Pattern$BmpCharProperty","576 B (0%)","24 (0%)"
"java.lang.management.ManagementFactory$$Lambda$58.0x00000001000d6c40","576 B (0%)","24 (0%)"
"sun.reflect.generics.tree.MethodTypeSignature","576 B (0%)","18 (0%)"
"java.util.concurrent.TimeUnit","560 B (0%)","7 (0%)"
"java.util.Collections$SingletonMap","560 B (0%)","14 (0%)"
"java.lang.invoke.LambdaForm$Kind[]","560 B (0%)","2 (0%)"
"jdk.internal.platform.CgroupInfo","560 B (0%)","14 (0%)"
"javax.management.openmbean.SimpleType","560 B (0%)","14 (0%)"
"java.util.logging.LogManager$LoggerWeakRef","528 B (0%)","11 (0%)"
"com.sun.jmx.mbeanserver.DefaultMXBeanMappingFactory$CompositeMapping","528 B (0%)","11 (0%)"
"com.sun.jmx.mbeanserver.PerInterface","520 B (0%)","13 (0%)"
"java.lang.invoke.DirectMethodHandle$Special","520 B (0%)","13 (0%)"
"java.lang.invoke.VarHandleObjects$FieldInstanceReadWrite","520 B (0%)","13 (0%)"
"java.security.ProtectionDomain","520 B (0%)","13 (0%)"
"java.time.temporal.ChronoUnit","512 B (0%)","16 (0%)"
"java.util.stream.Collectors$CollectorImpl","512 B (0%)","16 (0%)"
"java.util.stream.ReduceOps$3","512 B (0%)","16 (0%)"
"java.util.stream.ReduceOps$3ReducingSink","512 B (0%)","16 (0%)"
"sun.util.resources.Bundles$CacheKey","512 B (0%)","16 (0%)"
"java.lang.RuntimePermission","504 B (0%)","21 (0%)"
"java.util.ServiceLoader","504 B (0%)","9 (0%)"
"java.util.regex.Pattern$BmpCharPropertyGreedy","504 B (0%)","21 (0%)"
"java.util.Collections$SingletonSet","496 B (0%)","31 (0%)"
"java.util.jar.JarFile$1","480 B (0%)","30 (0%)"
"java.lang.reflect.TypeVariable[]","480 B (0%)","20 (0%)"
"java.io.ByteArrayOutputStream","480 B (0%)","20 (0%)"
"java.lang.Class$AnnotationData","480 B (0%)","20 (0%)"
"java.lang.NoSuchMethodError","480 B (0%)","12 (0%)"
"sun.invoke.util.Wrapper","480 B (0%)","10 (0%)"
"sun.management.MemoryPoolImpl","448 B (0%)","8 (0%)"
"java.util.ArrayList$SubList","448 B (0%)","14 (0%)"
"sun.util.calendar.ZoneInfo","448 B (0%)","8 (0%)"
"java.lang.invoke.MethodType[]","448 B (0%)","11 (0%)"
"java.nio.DirectLongBufferU","448 B (0%)","8 (0%)"
"jdk.internal.loader.BuiltinClassLoader$1","448 B (0%)","14 (0%)"
"java.lang.invoke.MethodHandleImpl$AsVarargsCollector","440 B (0%)","11 (0%)"
"java.lang.reflect.ProxyGenerator$ProxyMethod","440 B (0%)","11 (0%)"
"java.security.CodeSource","440 B (0%)","11 (0%)"
"sun.reflect.generics.reflectiveObjects.ParameterizedTypeImpl","432 B (0%)","18 (0%)"
"sun.reflect.generics.scope.MethodScope","432 B (0%)","18 (0%)"
"jdk.internal.loader.BuiltinClassLoader$2","432 B (0%)","18 (0%)"
"java.util.LinkedHashMap$LinkedEntrySet","416 B (0%)","26 (0%)"
"java.lang.ThreadLocal$ThreadLocalMap$Entry","416 B (0%)","13 (0%)"
"javax.management.StandardMBean","408 B (0%)","17 (0%)"
"java.lang.invoke.Invokers","408 B (0%)","17 (0%)"
"java.time.Duration","408 B (0%)","17 (0%)"
"javax.management.MBeanConstructorInfo[]","408 B (0%)","21 (0%)"
"java.lang.OutOfMemoryError","400 B (0%)","10 (0%)"
"java.util.StringJoiner","400 B (0%)","10 (0%)"
"java.util.Properties","392 B (0%)","7 (0%)"
"java.nio.file.attribute.FileTime","384 B (0%)","12 (0%)"
"java.util.regex.Pattern$Start","384 B (0%)","16 (0%)"
"sun.security.jca.ProviderConfig","384 B (0%)","12 (0%)"
"java.util.logging.LogManager$LogNode","384 B (0%)","12 (0%)"
"java.util.regex.Pattern$TreeInfo","384 B (0%)","16 (0%)"
"java.lang.ref.Finalizer$FinalizerThread","376 B (0%)","1 (0%)"
"jdk.internal.misc.InnocuousThread","376 B (0%)","1 (0%)"
"java.util.logging.LogManager$Cleaner","376 B (0%)","1 (0%)"
"com.sun.management.internal.DiagnosticCommandInfo[]","368 B (0%)","2 (0%)"
"java.lang.ref.Reference$ReferenceHandler","368 B (0%)","1 (0%)"
"java.util.ServiceLoader$LazyClassPathLookupIterator","360 B (0%)","9 (0%)"
"java.util.HashMap$ValueSpliterator","360 B (0%)","9 (0%)"
"java.util.Collections$1","360 B (0%)","15 (0%)"
"java.util.Collections$2","360 B (0%)","15 (0%)"
"jdk.internal.reflect.UnsafeQualifiedStaticObjectFieldAccessorImpl","360 B (0%)","9 (0%)"
"sun.reflect.generics.tree.FormalTypeParameter[]","352 B (0%)","21 (0%)"
"java.lang.reflect.ProxyGenerator$FieldInfo","352 B (0%)","11 (0%)"
"java.time.LocalDateTime[]","344 B (0%)","2 (0%)"
"sun.nio.cs.StreamDecoder","336 B (0%)","7 (0%)"
"java.lang.WeakPairMap$Pair$Lookup","336 B (0%)","14 (0%)"
"java.io.ExpiringCache$Entry","336 B (0%)","14 (0%)"
"sun.reflect.generics.tree.TypeSignature[]","328 B (0%)","18 (0%)"
"java.util.concurrent.ForkJoinPool","328 B (0%)","1 (0%)"
"jdk.internal.loader.URLClassPath$1","320 B (0%)","10 (0%)"
"sun.management.MemoryPoolImpl$CollectionSensor","320 B (0%)","8 (0%)"
"sun.management.MemoryPoolImpl$PoolSensor","320 B (0%)","8 (0%)"
"java.lang.NoSuchMethodException","320 B (0%)","8 (0%)"
"sun.util.locale.LanguageTag","320 B (0%)","8 (0%)"
"java.io.FileInputStream","320 B (0%)","8 (0%)"
"java.lang.invoke.VarHandle$AccessType[]","320 B (0%)","8 (0%)"
"com.sun.jmx.mbeanserver.MBeanAnalyzer","312 B (0%)","13 (0%)"
"java.lang.ClassValue$Entry[]","312 B (0%)","3 (0%)"
"com.sun.jmx.mbeanserver.MBeanIntrospector$MBeanInfoMaker","312 B (0%)","13 (0%)"
"java.lang.module.ModuleReference[]","304 B (0%)","1 (0%)"
"java.lang.module.ModuleDescriptor[]","304 B (0%)","1 (0%)"
"jdk.internal.module.ModuleResolution[]","304 B (0%)","1 (0%)"
"jdk.internal.module.ModuleTarget[]","304 B (0%)","1 (0%)"
"jdk.internal.module.ModuleHashes[]","304 B (0%)","1 (0%)"
"java.lang.Thread[]","296 B (0%)","6 (0%)"
"java.util.Vector","288 B (0%)","9 (0%)"
"java.net.StandardSocketOptions$StdSocketOption","288 B (0%)","12 (0%)"
"java.util.ServiceLoader$ModuleServicesLookupIterator","288 B (0%)","9 (0%)"
"java.util.RegularEnumSet","288 B (0%)","9 (0%)"
"java.io.ByteArrayInputStream","288 B (0%)","9 (0%)"
"java.io.BufferedReader","288 B (0%)","6 (0%)"
"java.util.logging.Level$KnownLevel","288 B (0%)","9 (0%)"
"java.util.ResourceBundle$CacheKey","288 B (0%)","4 (0%)"
"java.util.zip.ZipFile$ZipFileInputStream","288 B (0%)","6 (0%)"
"javax.management.MBeanNotificationInfo","288 B (0%)","9 (0%)"
"java.util.logging.Level","288 B (0%)","9 (0%)"
"jdk.internal.logger.LazyLoggers$LazyLoggerAccessor","288 B (0%)","9 (0%)"
"java.util.concurrent.ConcurrentHashMap$KeyIterator","280 B (0%)","5 (0%)"
"java.util.stream.StreamOpFlag[]","280 B (0%)","7 (0%)"
"java.lang.ClassLoader$NativeLibrary","280 B (0%)","7 (0%)"
"sun.nio.cs.UTF_8$Decoder","280 B (0%)","7 (0%)"
"java.util.stream.StreamOpFlag$Type[]","280 B (0%)","7 (0%)"
"sun.util.locale.InternalLocaleBuilder","280 B (0%)","7 (0%)"
"sun.invoke.util.ValueConversions$WrapperCache","272 B (0%)","17 (0%)"
"java.lang.String[][]","264 B (0%)","3 (0%)"
"java.lang.module.ResolvedModule[]","264 B (0%)","1 (0%)"
"java.lang.invoke.MethodHandleImpl$Intrinsic","264 B (0%)","11 (0%)"
"java.util.ArrayList$ArrayListSpliterator","256 B (0%)","8 (0%)"
"java.util.Spliterators$ArraySpliterator","256 B (0%)","8 (0%)"
"java.util.logging.LogManager$LoggerContext$1","256 B (0%)","8 (0%)"
"java.util.ImmutableCollections$MapN","256 B (0%)","8 (0%)"
"java.util.ResourceBundle$KeyElementReference","256 B (0%)","8 (0%)"
"java.util.HashMap$Values","256 B (0%)","16 (0%)"
"java.lang.reflect.ProxyGenerator$PrimitiveTypeInfo","256 B (0%)","8 (0%)"
"java.lang.invoke.StringConcatFactory$Recipe","240 B (0%)","15 (0%)"
"java.util.ArrayDeque","240 B (0%)","10 (0%)"
"java.nio.file.StandardOpenOption","240 B (0%)","10 (0%)"
"jdk.internal.reflect.NativeMethodAccessorImpl","240 B (0%)","10 (0%)"
"java.util.regex.Pattern$CharPropertyGreedy","240 B (0%)","10 (0%)"
"java.lang.ThreadLocal$ThreadLocalMap$Entry[]","240 B (0%)","3 (0%)"
"java.util.AbstractMap$SimpleImmutableEntry","240 B (0%)","10 (0%)"
"java.util.IdentityHashMap","240 B (0%)","6 (0%)"
"java.nio.charset.CoderResult","240 B (0%)","10 (0%)"
"java.util.regex.Pattern$CharProperty","240 B (0%)","10 (0%)"
"sun.util.resources.Bundles$BundleReference","240 B (0%)","5 (0%)"
"java.util.ArrayDeque$DeqIterator","224 B (0%)","7 (0%)"
"java.util.Collections$UnmodifiableMap","224 B (0%)","7 (0%)"
"java.lang.invoke.BoundMethodHandle$Species_LLLLLLL","224 B (0%)","4 (0%)"
"java.util.concurrent.ConcurrentHashMap$EntryIterator","224 B (0%)","4 (0%)"
"java.util.ServiceLoader$ProviderImpl","224 B (0%)","7 (0%)"
"sun.nio.ch.FileChannelImpl","216 B (0%)","3 (0%)"
"java.util.regex.Pattern$BitClass","216 B (0%)","9 (0%)"
"java.lang.Long","216 B (0%)","9 (0%)"
"sun.util.logging.PlatformLogger$Level","216 B (0%)","9 (0%)"
"java.util.ServiceLoader$2","216 B (0%)","9 (0%)"
"sun.security.provider.NativePRNG$RandomIO","216 B (0%)","3 (0%)"
"jdk.internal.logger.DefaultLoggerFinder$1","208 B (0%)","13 (0%)"
"java.security.ProtectionDomain$Key","208 B (0%)","13 (0%)"
"sun.net.www.protocol.file.FileURLConnection","208 B (0%)","2 (0%)"
"java.lang.ThreadLocal","208 B (0%)","13 (0%)"
"com.sun.jmx.mbeanserver.PerInterface$InitMaps","208 B (0%)","13 (0%)"
"java.security.Principal[]","208 B (0%)","13 (0%)"
"sun.util.locale.StringTokenIterator","200 B (0%)","5 (0%)"
"java.time.ZoneOffset[]","200 B (0%)","2 (0%)"
"java.lang.invoke.DirectMethodHandle$Interface","200 B (0%)","5 (0%)"
"java.util.EnumMap","200 B (0%)","5 (0%)"
"java.util.stream.StreamOpFlag","200 B (0%)","5 (0%)"
"sun.nio.fs.UnixFileAttributeViews$Basic","192 B (0%)","8 (0%)"
"java.util.Enumeration[]","192 B (0%)","8 (0%)"
"sun.nio.cs.UTF_8$Encoder","192 B (0%)","4 (0%)"
"com.sun.jmx.mbeanserver.DefaultMXBeanMappingFactory$CollectionMapping","192 B (0%)","6 (0%)"
"java.lang.Class$1","192 B (0%)","8 (0%)"
"java.net.SocksSocketImpl","192 B (0%)","2 (0%)"
"java.net.NetPermission","192 B (0%)","8 (0%)"
"java.lang.CompoundEnumeration","192 B (0%)","8 (0%)"
"java.util.concurrent.atomic.AtomicLong","192 B (0%)","8 (0%)"
"jdk.internal.perf.PerfCounter","192 B (0%)","8 (0%)"
"java.lang.invoke.LambdaForm$BasicType","192 B (0%)","6 (0%)"
"java.util.ServiceLoader$3","192 B (0%)","8 (0%)"
"java.util.jar.JarFile","192 B (0%)","3 (0%)"
"java.lang.ClassLoader$2","176 B (0%)","11 (0%)"
"java.math.BigInteger[][]","168 B (0%)","1 (0%)"
"java.lang.System$Logger$Level","168 B (0%)","7 (0%)"
"java.security.Permission[]","168 B (0%)","7 (0%)"
"javax.management.openmbean.OpenMBeanOperationInfoSupport","168 B (0%)","3 (0%)"
"java.util.logging.Logger","168 B (0%)","3 (0%)"
"java.security.ProtectionDomain[]","168 B (0%)","7 (0%)"
"sun.reflect.generics.scope.ClassScope","168 B (0%)","7 (0%)"
"java.time.ZoneOffset","168 B (0%)","7 (0%)"
"java.io.InputStreamReader","168 B (0%)","7 (0%)"
"java.lang.invoke.VarForm","168 B (0%)","7 (0%)"
"java.lang.ProcessImpl$LaunchMechanism[]","168 B (0%)","6 (0%)"
"java.util.ServiceLoader$1","168 B (0%)","7 (0%)"
"java.lang.StringBuffer","160 B (0%)","5 (0%)"
"java.lang.invoke.BoundMethodHandle$Species_LLLLLLLLIILL","160 B (0%)","2 (0%)"
"java.security.Permissions","160 B (0%)","5 (0%)"
"java.util.logging.Logger$ConfigurationData","160 B (0%)","4 (0%)"
"java.lang.invoke.DirectMethodHandle$Constructor","160 B (0%)","4 (0%)"
"jdk.internal.reflect.DelegatingMethodAccessorImpl","160 B (0%)","10 (0%)"
"sun.util.locale.provider.LocaleProviderAdapter$Type","160 B (0%)","5 (0%)"
"sun.util.locale.provider.LocaleResources","160 B (0%)","5 (0%)"
"java.lang.invoke.VarHandle$AccessType","160 B (0%)","5 (0%)"
"java.io.BufferedInputStream","160 B (0%)","4 (0%)"
"java.io.DataInputStream","160 B (0%)","5 (0%)"
"java.util.HashMap$EntrySpliterator","160 B (0%)","4 (0%)"
"java.lang.ClassValue$Entry","160 B (0%)","5 (0%)"
"java.io.ObjectOutputStream$HandleTable","160 B (0%)","4 (0%)"
"java.io.FileOutputStream","160 B (0%)","4 (0%)"
"java.lang.invoke.LambdaFormEditor$Transform[]","160 B (0%)","5 (0%)"
"java.lang.invoke.LambdaForm$BasicType[]","160 B (0%)","4 (0%)"
"javax.management.StandardEmitterMBean","160 B (0%)","5 (0%)"
"java.util.logging.Level[]","160 B (0%)","3 (0%)"
"sun.util.resources.LocaleData$1","144 B (0%)","6 (0%)"
"java.lang.invoke.StringConcatFactory$Strategy","144 B (0%)","6 (0%)"
"java.util.regex.Pattern$BitClass$$Lambda$35.0x0000000100084c40","144 B (0%)","9 (0%)"
"java.lang.invoke.BoundMethodHandle$Species_LLLLLLLIIL","144 B (0%)","2 (0%)"
"java.util.Collections$SetFromMap","144 B (0%)","6 (0%)"
"java.util.zip.ZipFile$Source","144 B (0%)","2 (0%)"
"java.util.ResourceBundle$BundleReference","144 B (0%)","3 (0%)"
"jdk.internal.loader.URLClassPath$JarLoader","144 B (0%)","3 (0%)"
"java.lang.Thread$State","144 B (0%)","6 (0%)"
"java.nio.file.LinkOption[]","144 B (0%)","9 (0%)"
"sun.util.locale.provider.LocaleResources$ResourceReference","144 B (0%)","3 (0%)"
"jdk.internal.reflect.MethodAccessorGenerator","144 B (0%)","1 (0%)"
"sun.nio.cs.StreamEncoder","144 B (0%)","3 (0%)"
"java.lang.ThreadGroup","144 B (0%)","3 (0%)"
"jdk.internal.logger.LazyLoggers$JdkLazyLogger","144 B (0%)","9 (0%)"
"java.util.regex.Pattern$$Lambda$36.0x0000000100084040","144 B (0%)","9 (0%)"
"sun.invoke.util.ValueConversions$WrapperCache[]","136 B (0%)","4 (0%)"
"java.time.temporal.ChronoField[]","136 B (0%)","1 (0%)"
"java.util.logging.LogManager$4","128 B (0%)","4 (0%)"
"jdk.internal.reflect.ClassFileAssembler","128 B (0%)","4 (0%)"
"java.lang.ClassValue$ClassValueMap","128 B (0%)","2 (0%)"
"java.lang.ProcessImpl$Platform","128 B (0%)","4 (0%)"
"java.util.PropertyPermission","128 B (0%)","4 (0%)"
"sun.nio.fs.UnixFileAttributes$UnixAsBasicFileAttributes","128 B (0%)","8 (0%)"
"java.io.ExpiringCache$1","128 B (0%)","2 (0%)"
"java.lang.invoke.MethodHandleImpl$Intrinsic[]","128 B (0%)","2 (0%)"
"java.lang.invoke.BoundMethodHandle$Species_LLLLLLLL","128 B (0%)","2 (0%)"
"com.sun.jmx.mbeanserver.DefaultMXBeanMappingFactory$ArrayMapping","128 B (0%)","4 (0%)"
"jdk.internal.loader.ClassLoaders$AppClassLoader","120 B (0%)","1 (0%)"
"java.util.stream.StreamOpFlag$Type","120 B (0%)","5 (0%)"
"jdk.internal.jimage.ImageLocation","120 B (0%)","5 (0%)"
"java.security.Permissions$1","120 B (0%)","5 (0%)"
"java.lang.Class$3","120 B (0%)","5 (0%)"
"java.io.FilePermission","120 B (0%)","3 (0%)"
"jdk.internal.math.FloatingDecimal$PreparedASCIIToBinaryBuffer","120 B (0%)","5 (0%)"
"java.io.BufferedWriter","120 B (0%)","3 (0%)"
"java.util.IdentityHashMap$KeyIterator","120 B (0%)","3 (0%)"
"sun.util.locale.ParseStatus","120 B (0%)","5 (0%)"
"jdk.internal.loader.URLClassPath","120 B (0%)","3 (0%)"
"jdk.net.ExtendedSocketOptions$ExtSocketOption","120 B (0%)","5 (0%)"
"java.util.Properties$LineReader","120 B (0%)","3 (0%)"
"java.util.regex.Pattern$CharPredicate$$Lambda$60.0x0000000100110440","112 B (0%)","7 (0%)"
"java.nio.DirectIntBufferRU","112 B (0%)","2 (0%)"
"java.io.ObjectOutputStream","112 B (0%)","2 (0%)"
"jdk.internal.loader.ClassLoaders$BootClassLoader","112 B (0%)","1 (0%)"
"jdk.internal.loader.ClassLoaders$PlatformClassLoader","112 B (0%)","1 (0%)"
"float[]","112 B (0%)","4 (0%)"
"java.time.LocalTime[]","112 B (0%)","1 (0%)"
"java.io.FileInputStream$1","112 B (0%)","7 (0%)"
"sun.util.logging.PlatformLogger$Level[]","104 B (0%)","2 (0%)"
"sun.security.provider.Sun","104 B (0%)","1 (0%)"
"java.net.URLClassLoader","104 B (0%)","1 (0%)"
"sun.security.jca.ProviderList$1","104 B (0%)","1 (0%)"
"sun.net.www.protocol.jar.URLJarFile$URLJarFileEntry","104 B (0%)","1 (0%)"
"java.lang.Runtime$Version","96 B (0%)","3 (0%)"
"java.lang.reflect.ProxyGenerator","96 B (0%)","2 (0%)"
"java.net.URI$Parser","96 B (0%)","3 (0%)"
"sun.util.calendar.Gregorian$Date","96 B (0%)","1 (0%)"
"jdk.internal.loader.URLClassPath$3","96 B (0%)","4 (0%)"
"java.util.zip.ZipFile$CleanableResource","96 B (0%)","3 (0%)"
"java.util.zip.ZipFile$Source$Key","96 B (0%)","4 (0%)"
"java.util.Spliterators$1Adapter","96 B (0%)","4 (0%)"
"java.io.BufferedOutputStream","96 B (0%)","3 (0%)"
"java.lang.module.ModuleDescriptor$Modifier","96 B (0%)","4 (0%)"
"javax.management.openmbean.TabularType","96 B (0%)","2 (0%)"
"java.util.Collections$SynchronizedSet","96 B (0%)","4 (0%)"
"jdk.internal.logger.BootstrapLogger$LoggingBackend","96 B (0%)","4 (0%)"
"sun.nio.fs.UnixFileKey","96 B (0%)","3 (0%)"
"java.util.concurrent.atomic.AtomicInteger","96 B (0%)","6 (0%)"
"sun.reflect.generics.repository.ClassRepository","96 B (0%)","3 (0%)"
"java.security.SecureClassLoader$1","96 B (0%)","4 (0%)"
"java.util.ResourceBundle$Control$1","96 B (0%)","3 (0%)"
"java.util.jar.JarVerifier","96 B (0%)","1 (0%)"
"com.sun.management.internal.GarbageCollectorExtImpl","96 B (0%)","2 (0%)"
"java.io.RandomAccessFile","96 B (0%)","3 (0%)"
"java.util.stream.Collectors$$Lambda$47.0x0000000100081440","96 B (0%)","4 (0%)"
"java.net.InetAddress$InetAddressHolder","96 B (0%)","3 (0%)"
"java.util.Collections$3","96 B (0%)","4 (0%)"
"java.lang.System$Logger$Level[]","96 B (0%)","2 (0%)"
"java.util.stream.StreamShape","96 B (0%)","4 (0%)"
"jdk.internal.loader.ClassLoaderValue","96 B (0%)","6 (0%)"
"java.util.StringTokenizer","96 B (0%)","2 (0%)"
"java.util.concurrent.locks.ReentrantReadWriteLock$FairSync","96 B (0%)","2 (0%)"
"sun.reflect.generics.reflectiveObjects.TypeVariableImpl","96 B (0%)","3 (0%)"
"java.lang.ProcessHandleImpl","96 B (0%)","2 (0%)"
"jdk.internal.reflect.ByteVectorImpl","96 B (0%)","4 (0%)"
"java.util.stream.ReduceOps$2","96 B (0%)","4 (0%)"
"java.lang.invoke.VarHandle$AccessDescriptor","96 B (0%)","3 (0%)"
"java.lang.NamedPackage","96 B (0%)","4 (0%)"
"jdk.internal.loader.AbstractClassLoaderValue$Sub","96 B (0%)","4 (0%)"
"com.sun.jmx.mbeanserver.DefaultMXBeanMappingFactory$EnumMapping","96 B (0%)","3 (0%)"
"java.lang.module.ModuleDescriptor$Opens","96 B (0%)","4 (0%)"
"java.lang.module.ModuleDescriptor$Requires$Modifier","96 B (0%)","4 (0%)"
"javax.management.MBeanConstructorInfo","96 B (0%)","3 (0%)"
"sun.reflect.misc.MethodUtil","96 B (0%)","1 (0%)"
"java.net.SocketCleanable","96 B (0%)","2 (0%)"
"jdk.internal.jimage.ImageReader$SharedImageReader","96 B (0%)","1 (0%)"
"java.util.stream.ReduceOps$2ReducingSink","96 B (0%)","4 (0%)"
"java.lang.invoke.VarHandleInts$FieldInstanceReadWrite","96 B (0%)","3 (0%)"
"jdk.internal.reflect.DelegatingClassLoader","88 B (0%)","1 (0%)"
"sun.net.www.protocol.jar.JarURLConnection","88 B (0%)","1 (0%)"
"sun.security.action.GetBooleanAction","80 B (0%)","5 (0%)"
"jdk.internal.ref.Cleaner","80 B (0%)","2 (0%)"
"sun.management.MemoryManagerImpl","80 B (0%)","2 (0%)"
"sun.security.jca.ProviderConfig[]","80 B (0%)","2 (0%)"
"java.io.PrintStream","80 B (0%)","2 (0%)"
"jdk.internal.math.FloatingDecimal$BinaryToASCIIBuffer","80 B (0%)","2 (0%)"
"java.time.temporal.ChronoUnit[]","80 B (0%)","1 (0%)"
"java.lang.module.Configuration","80 B (0%)","2 (0%)"
"com.sun.jmx.mbeanserver.GetPropertyAction","80 B (0%)","5 (0%)"
"java.util.WeakHashMap$KeySet","80 B (0%)","5 (0%)"
"java.io.ObjectOutputStream$BlockDataOutputStream","80 B (0%)","2 (0%)"
"sun.util.locale.provider.LocaleProviderAdapter$NonExistentAdapter","80 B (0%)","1 (0%)"
"java.lang.Process$PipeInputStream","80 B (0%)","2 (0%)"
"java.util.stream.StreamOpFlag$MaskBuilder","80 B (0%)","5 (0%)"
"sun.util.cldr.CLDRLocaleProviderAdapter","80 B (0%)","1 (0%)"
"java.lang.VirtualMachineError","80 B (0%)","2 (0%)"
"com.sun.jmx.mbeanserver.DefaultMXBeanMappingFactory$TabularMapping","80 B (0%)","2 (0%)"
"sun.net.www.protocol.jar.URLJarFile","80 B (0%)","1 (0%)"
"java.lang.ModuleLayer","80 B (0%)","2 (0%)"
"java.util.Locale$Category","80 B (0%)","2 (0%)"
"int[][]","80 B (0%)","2 (0%)"
"java.util.LinkedHashMap$LinkedKeySet","80 B (0%)","5 (0%)"
"sun.util.locale.provider.JRELocaleProviderAdapter","80 B (0%)","1 (0%)"
"java.lang.invoke.StringConcatFactory$Strategy[]","80 B (0%)","2 (0%)"
"sun.util.locale.provider.LocaleProviderAdapter$Type[]","80 B (0%)","2 (0%)"
"java.lang.ProcessImpl$ProcessPipeInputStream","80 B (0%)","2 (0%)"
"jdk.internal.loader.AbstractClassLoaderValue$Memoizer","80 B (0%)","2 (0%)"
"java.lang.invoke.BoundMethodHandle$Species_LLLLLLLLLIILL","80 B (0%)","1 (0%)"
"java.util.zip.ZipFile$Source$End","80 B (0%)","2 (0%)"
"java.lang.invoke.BoundMethodHandle$Species_LLLLLLLLLIIL","80 B (0%)","1 (0%)"
"java.io.ExpiringCache","80 B (0%)","2 (0%)"
"java.lang.ThreadLocal$ThreadLocalMap","72 B (0%)","3 (0%)"
"java.lang.invoke.BoundMethodHandle$Species_LLLLLLLLLII","72 B (0%)","1 (0%)"
"sun.nio.fs.UnixChannelFactory$Flags","72 B (0%)","3 (0%)"
"sun.reflect.generics.tree.ClassSignature","72 B (0%)","3 (0%)"
"java.io.OutputStreamWriter","72 B (0%)","3 (0%)"
"java.lang.annotation.RetentionPolicy","72 B (0%)","3 (0%)"
"java.security.SecureRandom","72 B (0%)","1 (0%)"
"java.util.stream.Collector$Characteristics","72 B (0%)","3 (0%)"
"java.util.regex.Pattern$GroupHead","72 B (0%)","3 (0%)"
"jdk.internal.jimage.BasicImageReader$1","72 B (0%)","3 (0%)"
"java.util.LinkedList$Node","72 B (0%)","3 (0%)"
"javax.management.openmbean.SimpleType[]","72 B (0%)","1 (0%)"
"jdk.internal.math.FloatingDecimal$ExceptionalBinaryToASCIIBuffer","72 B (0%)","3 (0%)"
"java.lang.invoke.BoundMethodHandle$Species_LLLLLLLLLI","72 B (0%)","1 (0%)"
"java.lang.invoke.BoundMethodHandle$Species_LLLLLLLLIIL","72 B (0%)","1 (0%)"
"java.lang.invoke.BoundMethodHandle$Species_LLLLLLLLII","72 B (0%)","1 (0%)"
"java.lang.WeakPairMap","72 B (0%)","3 (0%)"
"sun.nio.ch.NativeThreadSet","72 B (0%)","3 (0%)"
"jdk.internal.misc.Signal","72 B (0%)","3 (0%)"
"jdk.internal.loader.FileURLMapper","72 B (0%)","3 (0%)"
"java.security.SecurityPermission","72 B (0%)","3 (0%)"
"sun.net.www.MessageHeader","72 B (0%)","3 (0%)"
"jdk.internal.module.IllegalAccessLogger$Mode","72 B (0%)","3 (0%)"
"java.util.regex.Pattern$GroupTail","72 B (0%)","3 (0%)"
"java.util.concurrent.ThreadPoolExecutor","72 B (0%)","1 (0%)"
"sun.net.www.protocol.jrt.JavaRuntimeURLConnection","72 B (0%)","1 (0%)"
"java.net.URLClassLoader$1","72 B (0%)","3 (0%)"
"java.util.concurrent.ConcurrentHashMap$KeySetView","72 B (0%)","3 (0%)"
"sun.security.provider.NativePRNG$Variant","72 B (0%)","3 (0%)"
"java.lang.invoke.StringConcatFactory$Mode","72 B (0%)","3 (0%)"
"sun.reflect.generics.tree.FormalTypeParameter","72 B (0%)","3 (0%)"
"java.lang.Runnable[]","72 B (0%)","2 (0%)"
"java.lang.ProcessImpl$LaunchMechanism","72 B (0%)","3 (0%)"
"javax.management.openmbean.OpenMBeanParameterInfo[]","72 B (0%)","3 (0%)"
"java.util.stream.FindOps$FindOp","64 B (0%)","2 (0%)"
"jdk.internal.reflect.ReflectionFactory$GetReflectionFactoryAction","64 B (0%)","4 (0%)"
"sun.nio.ch.ChannelInputStream","64 B (0%)","2 (0%)"
"java.util.stream.Collector$Characteristics[]","64 B (0%)","2 (0%)"
"java.util.Properties$EntrySet","64 B (0%)","4 (0%)"
"sun.management.spi.PlatformMBeanProvider$PlatformComponent$$Lambda$53.0x00000001000d0c40","64 B (0%)","4 (0%)"
"java.util.concurrent.ConcurrentHashMap$ValuesView","64 B (0%)","4 (0%)"
"jdk.internal.math.FloatingDecimal$ASCIIToBinaryBuffer","64 B (0%)","2 (0%)"
"java.nio.charset.CoderResult[]","64 B (0%)","2 (0%)"
"java.lang.annotation.RetentionPolicy[]","64 B (0%)","2 (0%)"
"java.security.SecureClassLoader$CodeSourceKey","64 B (0%)","4 (0%)"
"java.lang.invoke.BoundMethodHandle$Species_LLLLLLLII","64 B (0%)","1 (0%)"
"java.lang.invoke.BoundMethodHandle$Species_LLLLLLLLL","64 B (0%)","1 (0%)"
"java.lang.invoke.BoundMethodHandle$Species_LLLLLLLLI","64 B (0%)","1 (0%)"
"sun.security.provider.NativePRNG$Variant[]","64 B (0%)","2 (0%)"
"java.lang.ref.PhantomReference","64 B (0%)","2 (0%)"
"sun.reflect.annotation.AnnotationType","64 B (0%)","2 (0%)"
"java.lang.management.ManagementFactory$PlatformMBeanFinder$$Lambda$52.0x00000001000d0840","64 B (0%)","4 (0%)"
"com.sun.jmx.mbeanserver.ClassLoaderRepositorySupport$LoaderEntry[]","64 B (0%)","3 (0%)"
"java.util.stream.Collectors$$Lambda$48.0x0000000100080840","64 B (0%)","4 (0%)"
"java.lang.ref.ReferenceQueue$Null","64 B (0%)","2 (0%)"
"sun.nio.ch.FileDispatcherImpl","64 B (0%)","4 (0%)"
"java.lang.ProcessImpl$Platform[]","64 B (0%)","2 (0%)"
"java.util.LinkedHashSet","64 B (0%)","4 (0%)"
"java.util.logging.LogManager$RootLogger","64 B (0%)","1 (0%)"
"java.security.BasicPermissionCollection","64 B (0%)","2 (0%)"
"java.util.concurrent.ConcurrentHashMap$EntrySetView","64 B (0%)","4 (0%)"
"sun.management.spi.PlatformMBeanProvider$PlatformComponent$$Lambda$54.0x00000001000d7840","64 B (0%)","4 (0%)"
"java.lang.invoke.StringConcatFactory$Mode[]","64 B (0%)","2 (0%)"
"java.util.concurrent.locks.ReentrantLock$NonfairSync","64 B (0%)","2 (0%)"
"java.lang.management.ManagementFactory$PlatformMBeanFinder$$Lambda$51.0x00000001000d0440","64 B (0%)","4 (0%)"
"java.nio.file.attribute.FileAttribute[]","64 B (0%)","4 (0%)"
"sun.security.provider.FileInputStreamPool$StreamRef","64 B (0%)","2 (0%)"
"java.lang.invoke.BoundMethodHandle$Species_LLLLLLLI","64 B (0%)","1 (0%)"
"java.util.zip.Deflater","64 B (0%)","1 (0%)"
"java.nio.file.Path[]","64 B (0%)","3 (0%)"
"sun.security.util.LazyCodeSourcePermissionCollection","64 B (0%)","2 (0%)"
"java.util.ResourceBundle$ResourceBundleProviderHelper$$Lambda$30.0x0000000100086440","64 B (0%)","4 (0%)"
"java.net.SocketInputStream","56 B (0%)","1 (0%)"
"java.io.ObjectInputStream$HandleTable$HandleList[]","56 B (0%)","1 (0%)"
"sun.security.provider.SHA","56 B (0%)","1 (0%)"
"jdk.internal.ref.CleanerImpl$SoftCleanableRef","56 B (0%)","1 (0%)"
"sun.util.PropertyResourceBundleCharset$PropertiesFileDecoder","56 B (0%)","1 (0%)"
"sun.reflect.generics.tree.ClassTypeSignature[]","56 B (0%)","3 (0%)"
"java.net.SocketPermission","56 B (0%)","1 (0%)"
"java.io.ObjectInputStream","56 B (0%)","1 (0%)"
"java.io.ObjectInputStream$BlockDataInputStream","56 B (0%)","1 (0%)"
"java.net.SocketOutputStream","56 B (0%)","1 (0%)"
"java.text.Format[]","56 B (0%)","1 (0%)"
"java.nio.DirectIntBufferU","56 B (0%)","1 (0%)"
"java.nio.file.StandardOpenOption[]","56 B (0%)","1 (0%)"
"java.util.logging.LogManager","56 B (0%)","1 (0%)"
"java.lang.invoke.BoundMethodHandle$Specializer","56 B (0%)","1 (0%)"
"java.lang.invoke.BoundMethodHandle$Specializer$Factory","48 B (0%)","1 (0%)"
"com.sun.jmx.mbeanserver.MBeanIntrospector$MBeanInfoMap","48 B (0%)","1 (0%)"
"java.util.ResourceBundle$$Lambda$25.0x0000000100087840","48 B (0%)","3 (0%)"
"java.lang.reflect.ProxyGenerator$ConstantPool","48 B (0%)","2 (0%)"
"java.util.concurrent.atomic.AtomicBoolean","48 B (0%)","3 (0%)"
"java.lang.ClassValue$Version","48 B (0%)","2 (0%)"
"java.security.AllPermissionCollection","48 B (0%)","2 (0%)"
"sun.util.resources.cldr.TimeZoneNames_en","48 B (0%)","1 (0%)"
"sun.util.resources.TimeZoneNames","48 B (0%)","1 (0%)"
"sun.management.ManagementFactoryHelper$1","48 B (0%)","2 (0%)"
"java.util.ResourceBundle$NoFallbackControl","48 B (0%)","3 (0%)"
"java.lang.reflect.Proxy$ProxyBuilder$1","48 B (0%)","2 (0%)"
"sun.security.provider.NativePRNG$1","48 B (0%)","3 (0%)"
"javax.management.NotificationBroadcasterSupport","48 B (0%)","2 (0%)"
"java.nio.file.OpenOption[]","48 B (0%)","3 (0%)"
"java.lang.StringCoding$Result","48 B (0%)","2 (0%)"
"java.lang.module.Resolver","48 B (0%)","1 (0%)"
"jdk.internal.module.ServicesCatalog","48 B (0%)","3 (0%)"
"java.lang.reflect.Proxy$ProxyBuilder","48 B (0%)","2 (0%)"
"sun.util.resources.cldr.TimeZoneNames","48 B (0%)","1 (0%)"
"java.io.ObjectOutputStream$ReplaceTable","48 B (0%)","2 (0%)"
"java.security.AccessController$1","48 B (0%)","3 (0%)"
"java.util.logging.Logger$LoggerBundle","48 B (0%)","2 (0%)"
"jdk.internal.logger.SurrogateLogger","48 B (0%)","2 (0%)"
"com.sun.jmx.mbeanserver.WeakIdentityHashMap","48 B (0%)","2 (0%)"
"com.sun.jmx.mbeanserver.DefaultMXBeanMappingFactory$Mappings","48 B (0%)","1 (0%)"
"sun.nio.fs.UnixException","48 B (0%)","1 (0%)"
"com.sun.jmx.mbeanserver.ClassLoaderRepositorySupport$LoaderEntry","48 B (0%)","2 (0%)"
"java.lang.reflect.ReflectPermission","48 B (0%)","2 (0%)"
"java.util.concurrent.ForkJoinPool$WorkQueue[]","48 B (0%)","1 (0%)"
"jdk.internal.jimage.ImageHeader","48 B (0%)","1 (0%)"
"java.text.AttributedCharacterIterator$Attribute","48 B (0%)","3 (0%)"
"sun.util.resources.TimeZoneNames_en","48 B (0%)","1 (0%)"
"java.util.TimSort","48 B (0%)","1 (0%)"
"sun.security.jca.ProviderList$3","48 B (0%)","2 (0%)"
"jdk.management.jfr.FlightRecorderMXBeanImpl","48 B (0%)","1 (0%)"
"sun.nio.cs.ISO_8859_1$Encoder","48 B (0%)","1 (0%)"
"java.lang.management.MemoryPoolMXBean[]","48 B (0%)","1 (0%)"
"com.sun.jmx.mbeanserver.MBeanIntrospector$PerInterfaceMap","48 B (0%)","1 (0%)"
"sun.reflect.annotation.AnnotationParser$1","48 B (0%)","2 (0%)"
"java.util.concurrent.ThreadPoolExecutor$Worker","48 B (0%)","1 (0%)"
"java.util.concurrent.TimeUnit[]","48 B (0%)","1 (0%)"
"java.io.File$PathStatus","48 B (0%)","2 (0%)"
"java.net.Inet4Address","48 B (0%)","2 (0%)"
"jdk.internal.ref.CleanerImpl$WeakCleanableRef","48 B (0%)","1 (0%)"
"sun.util.resources.LocaleData","48 B (0%)","3 (0%)"
"java.util.Locale$Category[]","48 B (0%)","2 (0%)"
"java.util.concurrent.locks.ReentrantReadWriteLock","48 B (0%)","2 (0%)"
"jdk.internal.loader.URLClassPath$JarLoader$1","48 B (0%)","3 (0%)"
"java.net.URLClassLoader$2","48 B (0%)","2 (0%)"
"sun.reflect.annotation.AnnotationInvocationHandler","48 B (0%)","2 (0%)"
"java.nio.file.NoSuchFileException","48 B (0%)","1 (0%)"
"sun.security.jca.ProviderList","48 B (0%)","2 (0%)"
"java.nio.charset.CodingErrorAction","48 B (0%)","3 (0%)"
"java.nio.channels.FileChannel$MapMode","48 B (0%)","3 (0%)"
"java.util.Hashtable$Enumerator","48 B (0%)","1 (0%)"
"jdk.internal.misc.Signal$NativeHandler","48 B (0%)","2 (0%)"
"sun.reflect.annotation.AnnotationType$1","48 B (0%)","2 (0%)"
"java.util.stream.ForEachOps$ForEachOp$OfRef","48 B (0%)","2 (0%)"
"java.lang.ProcessImpl","48 B (0%)","1 (0%)"
"java.util.logging.LoggingPermission","48 B (0%)","2 (0%)"
"java.util.concurrent.ConcurrentSkipListMap","48 B (0%)","1 (0%)"
"sun.nio.ch.FileChannelImpl$Unmapper","40 B (0%)","1 (0%)"
"java.lang.VerifyError","40 B (0%)","1 (0%)"
"com.sun.jmx.interceptor.DefaultMBeanServerInterceptor","40 B (0%)","1 (0%)"
"com.sun.jmx.mbeanserver.MBeanServerDelegateImpl","40 B (0%)","1 (0%)"
"com.sun.jmx.mbeanserver.JmxMBeanServer","40 B (0%)","1 (0%)"
"java.lang.invoke.LambdaForm$Name[][]","40 B (0%)","1 (0%)"
"com.sun.management.internal.OperatingSystemImpl$SystemCpuTicks","40 B (0%)","1 (0%)"
"java.lang.NullPointerException","40 B (0%)","1 (0%)"
"java.lang.NoSuchFieldException","40 B (0%)","1 (0%)"
"java.lang.ArithmeticException","40 B (0%)","1 (0%)"
"java.util.PropertyResourceBundle","40 B (0%)","1 (0%)"
"java.lang.IncompatibleClassChangeError","40 B (0%)","1 (0%)"
"java.lang.Package$VersionInfo","40 B (0%)","1 (0%)"
"java.util.zip.GZIPOutputStream","40 B (0%)","1 (0%)"
"com.sun.management.internal.OperatingSystemImpl$ProcessCpuTicks","40 B (0%)","1 (0%)"
"java.lang.invoke.VarHandleObjects$Array","40 B (0%)","1 (0%)"
"jdk.internal.module.ModulePath","40 B (0%)","1 (0%)"
"jdk.internal.ref.CleanerImpl$CleanerCleanable","40 B (0%)","1 (0%)"
"jdk.internal.loader.URLClassPath$JarLoader$2","40 B (0%)","1 (0%)"
"com.sun.management.internal.DiagnosticCommandImpl","40 B (0%)","1 (0%)"
"java.time.zone.ZoneRules","40 B (0%)","1 (0%)"
"java.lang.Thread$State[]","40 B (0%)","1 (0%)"
"java.text.MessageFormat","40 B (0%)","1 (0%)"
"java.util.HashMap$KeySpliterator","40 B (0%)","1 (0%)"
"sun.util.resources.Bundles$1","40 B (0%)","1 (0%)"
"sun.nio.fs.UnixDirectoryStream","40 B (0%)","1 (0%)"
"java.lang.ref.Finalizer","40 B (0%)","1 (0%)"
"java.util.ResourceBundle$2","40 B (0%)","1 (0%)"
"java.lang.OutOfMemoryError[]","32 B (0%)","1 (0%)"
"java.util.concurrent.SynchronousQueue$TransferStack$SNode","32 B (0%)","1 (0%)"
"java.lang.ProcessImpl$ProcessPipeOutputStream","32 B (0%)","1 (0%)"
"java.lang.StackTraceElement[]","32 B (0%)","2 (0%)"
"java.security.AllPermission","32 B (0%)","2 (0%)"
"java.util.TreeSet","32 B (0%)","2 (0%)"
"java.lang.module.ModuleDescriptor$Requires$Modifier[]","32 B (0%)","1 (0%)"
"sun.util.logging.internal.LoggingProviderImpl$JULWrapper","32 B (0%)","2 (0%)"
"sun.nio.fs.NativeBuffer[]","32 B (0%)","1 (0%)"
"java.io.FileOutputStream$1","32 B (0%)","2 (0%)"
"java.lang.ProcessHandleImpl$1","32 B (0%)","1 (0%)"
"sun.nio.cs.StandardCharsets","32 B (0%)","1 (0%)"
"jdk.internal.logger.BootstrapLogger$LoggingBackend[]","32 B (0%)","1 (0%)"
"java.lang.ThreadGroup[]","32 B (0%)","1 (0%)"
"java.io.ObjectInputStream$PeekInputStream","32 B (0%)","1 (0%)"
"sun.security.provider.FileInputStreamPool$UnclosableInputStream","32 B (0%)","2 (0%)"
"sun.net.www.protocol.jrt.JavaRuntimeURLConnection$1","32 B (0%)","1 (0%)"
"jdk.internal.jimage.ImageBufferCache$BufferReference[]","32 B (0%)","1 (0%)"
"sun.security.provider.SecureRandom","32 B (0%)","1 (0%)"
"java.util.stream.StreamShape[]","32 B (0%)","1 (0%)"
"java.nio.ByteOrder","32 B (0%)","2 (0%)"
"com.sun.jmx.mbeanserver.Repository","32 B (0%)","1 (0%)"
"jdk.internal.module.IllegalAccessLogger","32 B (0%)","1 (0%)"
"sun.nio.ch.FileChannelImpl$Closer","32 B (0%)","2 (0%)"
"jdk.internal.jimage.ImageBufferCache$BufferReference","32 B (0%)","1 (0%)"
"java.lang.Boolean","32 B (0%)","2 (0%)"
"sun.nio.fs.NativeBuffer","32 B (0%)","1 (0%)"
"jdk.internal.module.IllegalAccessLogger$Mode[]","32 B (0%)","1 (0%)"
"java.nio.DirectByteBuffer$Deallocator","32 B (0%)","1 (0%)"
"java.util.concurrent.locks.ReentrantReadWriteLock$Sync$ThreadLocalHoldCounter","32 B (0%)","2 (0%)"
"sun.management.ManagementFactoryHelper$LoggingMXBeanAccess$1","32 B (0%)","2 (0%)"
"java.util.ServiceLoader$ProviderSpliterator","32 B (0%)","1 (0%)"
"sun.security.util.KnownOIDs$10","32 B (0%)","1 (0%)"
"java.lang.Shutdown$Lock","32 B (0%)","2 (0%)"
"com.sun.management.internal.DiagnosticCommandImpl$OperationInfoComparator","32 B (0%)","2 (0%)"
"jdk.internal.platform.CgroupUtil$$Lambda$62.0x0000000100110c40","32 B (0%)","2 (0%)"
"java.io.UnixFileSystem","32 B (0%)","1 (0%)"
"sun.util.PropertyResourceBundleCharset","32 B (0%)","1 (0%)"
"java.util.AbstractList$Itr","32 B (0%)","1 (0%)"
"java.lang.ProcessBuilder","32 B (0%)","1 (0%)"
"java.lang.Package","32 B (0%)","1 (0%)"
"sun.management.VMManagementImpl$1","32 B (0%)","2 (0%)"
"jdk.internal.module.IllegalAccessLogger$Builder","32 B (0%)","1 (0%)"
"java.util.LinkedHashMap$LinkedKeyIterator","32 B (0%)","1 (0%)"
"sun.nio.fs.LinuxFileSystem","32 B (0%)","1 (0%)"
"java.lang.StringBuilder[]","32 B (0%)","1 (0%)"
"java.util.concurrent.locks.ReentrantReadWriteLock$ReadLock","32 B (0%)","2 (0%)"
"jdk.internal.reflect.MethodAccessorGenerator$1","32 B (0%)","1 (0%)"
"java.lang.module.ModuleDescriptor$Version","32 B (0%)","1 (0%)"
"java.lang.invoke.VarHandleLongs$FieldInstanceReadWrite","32 B (0%)","1 (0%)"
"java.util.Random","32 B (0%)","1 (0%)"
"java.util.concurrent.SynchronousQueue","32 B (0%)","1 (0%)"
"java.security.MessageDigest$Delegate","32 B (0%)","1 (0%)"
"java.lang.reflect.Proxy$$Lambda$69.0x0000000100127c40","32 B (0%)","2 (0%)"
"java.util.Collections$SynchronizedMap","32 B (0%)","1 (0%)"
"sun.util.resources.cldr.provider.CLDRLocaleDataMetaInfo","32 B (0%)","2 (0%)"
"java.net.Socket","32 B (0%)","1 (0%)"
"java.util.concurrent.locks.ReentrantLock","32 B (0%)","2 (0%)"
"jdk.internal.loader.URLClassPath$FileLoader$1","32 B (0%)","1 (0%)"
"jdk.internal.ref.CleanerImpl","32 B (0%)","1 (0%)"
"java.util.IdentityHashMap$KeySet","32 B (0%)","2 (0%)"
"java.util.concurrent.locks.ReentrantReadWriteLock$WriteLock","32 B (0%)","2 (0%)"
"java.util.logging.LogManager$SystemLoggerContext","32 B (0%)","1 (0%)"
"sun.security.util.KnownOIDs$8","32 B (0%)","1 (0%)"
"sun.security.util.KnownOIDs$9","32 B (0%)","1 (0%)"
"java.lang.management.MemoryManagerMXBean[]","32 B (0%)","1 (0%)"
"java.lang.module.ModuleDescriptor$Modifier[]","32 B (0%)","1 (0%)"
"sun.security.util.KnownOIDs$1","32 B (0%)","1 (0%)"
"sun.security.util.KnownOIDs$2","32 B (0%)","1 (0%)"
"sun.security.util.KnownOIDs$3","32 B (0%)","1 (0%)"
"sun.security.util.KnownOIDs$4","32 B (0%)","1 (0%)"
"sun.security.util.KnownOIDs$5","32 B (0%)","1 (0%)"
"sun.security.util.KnownOIDs$6","32 B (0%)","1 (0%)"
"sun.security.util.KnownOIDs$7","32 B (0%)","1 (0%)"
"java.io.ObjectInputStream$HandleTable","32 B (0%)","1 (0%)"
"java.util.zip.ZipFile$CleanableResource$FinalizableResource","32 B (0%)","1 (0%)"
"java.lang.ClassValue$Identity","32 B (0%)","2 (0%)"
"java.util.LinkedList","32 B (0%)","1 (0%)"
"com.sun.management.internal.OperatingSystemImpl","32 B (0%)","1 (0%)"
"java.text.FieldPosition","32 B (0%)","1 (0%)"
"java.util.ResourceBundle$SingleFormatControl","32 B (0%)","2 (0%)"
"java.util.jar.Manifest$FastInputStream","32 B (0%)","1 (0%)"
"jdk.internal.jimage.ImageReader","24 B (0%)","1 (0%)"
"java.util.logging.LogManager$2","24 B (0%)","1 (0%)"
"jdk.internal.module.ModuleHashes$Builder","24 B (0%)","1 (0%)"
"java.util.Locale$Cache","24 B (0%)","1 (0%)"
"jdk.internal.module.ModuleBootstrap$SafeModuleFinder","24 B (0%)","1 (0%)"
"java.util.ResourceBundle$Control$CandidateListCache","24 B (0%)","1 (0%)"
"sun.nio.fs.UnixDirectoryStream$UnixDirectoryIterator","24 B (0%)","1 (0%)"
"java.util.regex.Pattern$Dollar","24 B (0%)","1 (0%)"
"sun.nio.fs.NativeBuffer$Deallocator","24 B (0%)","1 (0%)"
"java.net.Inet4AddressImpl","24 B (0%)","1 (0%)"
"java.net.Inet6AddressImpl","24 B (0%)","1 (0%)"
"java.time.zone.TzdbZoneRulesProvider","24 B (0%)","1 (0%)"
"java.util.zip.Deflater$DeflaterZStreamRef","24 B (0%)","1 (0%)"
"sun.management.RuntimeImpl","24 B (0%)","1 (0%)"
"sun.util.cldr.CLDRTimeZoneNameProviderImpl","24 B (0%)","1 (0%)"
"sun.util.locale.provider.LocaleServiceProviderPool","24 B (0%)","1 (0%)"
"sun.nio.fs.UnixSecureDirectoryStream","24 B (0%)","1 (0%)"
"java.time.ZoneRegion","24 B (0%)","1 (0%)"
"java.util.Collections$EmptyMap","24 B (0%)","1 (0%)"
"java.util.Collections$SynchronizedCollection","24 B (0%)","1 (0%)"
"sun.nio.ch.Util$BufferCache","24 B (0%)","1 (0%)"
"com.sun.jmx.remote.util.ClassLogger","24 B (0%)","1 (0%)"
"jdk.management.jfr.internal.FlightRecorderMXBeanProvider$SingleMBeanComponent","24 B (0%)","1 (0%)"
"sun.nio.cs.UTF_16BE","24 B (0%)","1 (0%)"
"com.sun.jmx.mbeanserver.MXBeanLookup","24 B (0%)","1 (0%)"
"sun.management.ManagementFactoryHelper$LoggingMXBeanAccess","24 B (0%)","1 (0%)"
"jdk.internal.reflect.Label$PatchInfo","24 B (0%)","1 (0%)"
"java.lang.ProcessImpl$$Lambda$81.0x0000000100122c40","24 B (0%)","1 (0%)"
"java.io.File$PathStatus[]","24 B (0%)","1 (0%)"
"sun.nio.cs.UTF_16LE","24 B (0%)","1 (0%)"
"java.util.concurrent.locks.AbstractQueuedSynchronizer$ConditionObject","24 B (0%)","1 (0%)"
"sun.management.VMManagementImpl","24 B (0%)","1 (0%)"
"sun.nio.cs.UTF_16","24 B (0%)","1 (0%)"
"com.sun.jmx.mbeanserver.JmxMBeanServer$1","24 B (0%)","1 (0%)"
"sun.util.locale.BaseLocale$Cache","24 B (0%)","1 (0%)"
"java.lang.management.DefaultPlatformMBeanProvider$10","24 B (0%)","1 (0%)"
"java.lang.management.DefaultPlatformMBeanProvider$11","24 B (0%)","1 (0%)"
"java.lang.invoke.StringConcatFactory$Stringifiers$StringifierAny","24 B (0%)","1 (0%)"
"sun.util.locale.provider.TimeZoneNameProviderImpl","24 B (0%)","1 (0%)"
"java.lang.ProcessEnvironment$StringEnvironment","24 B (0%)","1 (0%)"
"java.lang.module.ModuleFinder$2$$Lambda$18.0x0000000100065c40","24 B (0%)","1 (0%)"
"java.lang.ProcessHandleImpl$ExitCompletion","24 B (0%)","1 (0%)"
"jdk.internal.logger.BootstrapLogger$RedirectedLoggers","24 B (0%)","1 (0%)"
"com.sun.jmx.mbeanserver.ClassLoaderRepositorySupport","24 B (0%)","1 (0%)"
"sun.net.sdp.SdpProvider","24 B (0%)","1 (0%)"
"java.lang.ProcessHandleImpl$$Lambda$80.0x0000000100123c40","24 B (0%)","1 (0%)"
"jdk.internal.loader.URLClassPath$FileLoader","24 B (0%)","1 (0%)"
"java.lang.management.DefaultPlatformMBeanProvider$1","24 B (0%)","1 (0%)"
"java.lang.management.DefaultPlatformMBeanProvider$2","24 B (0%)","1 (0%)"
"java.lang.management.DefaultPlatformMBeanProvider$9","24 B (0%)","1 (0%)"
"java.lang.management.DefaultPlatformMBeanProvider$7","24 B (0%)","1 (0%)"
"java.lang.management.DefaultPlatformMBeanProvider$8","24 B (0%)","1 (0%)"
"java.lang.management.DefaultPlatformMBeanProvider$5","24 B (0%)","1 (0%)"
"java.lang.management.DefaultPlatformMBeanProvider$6","24 B (0%)","1 (0%)"
"java.lang.management.DefaultPlatformMBeanProvider$3","24 B (0%)","1 (0%)"
"java.lang.management.DefaultPlatformMBeanProvider$4","24 B (0%)","1 (0%)"
"sun.management.ManagementFactoryHelper$PlatformLoggingImpl","24 B (0%)","1 (0%)"
"sun.nio.cs.ISO_8859_1","24 B (0%)","1 (0%)"
"sun.nio.cs.US_ASCII","24 B (0%)","1 (0%)"
"java.util.jar.Manifest","24 B (0%)","1 (0%)"
"java.net.ServerSocket","24 B (0%)","1 (0%)"
"com.sun.management.internal.PlatformMBeanProviderImpl$1","24 B (0%)","1 (0%)"
"com.sun.management.internal.PlatformMBeanProviderImpl$5","24 B (0%)","1 (0%)"
"com.sun.management.internal.PlatformMBeanProviderImpl$4","24 B (0%)","1 (0%)"
"com.sun.management.internal.PlatformMBeanProviderImpl$3","24 B (0%)","1 (0%)"
"com.sun.management.internal.PlatformMBeanProviderImpl$2","24 B (0%)","1 (0%)"
"sun.net.www.protocol.jar.JarURLConnection$JarURLInputStream","24 B (0%)","1 (0%)"
"sun.security.action.GetPropertyAction","24 B (0%)","1 (0%)"
"java.net.URL[]","24 B (0%)","1 (0%)"
"sun.nio.cs.UTF_8","24 B (0%)","1 (0%)"
"com.sun.management.internal.HotSpotThreadImpl","24 B (0%)","1 (0%)"
"javax.management.MBeanInfo$ArrayGettersSafeAction","24 B (0%)","1 (0%)"
"jdk.management.jfr.StreamManager","24 B (0%)","1 (0%)"
"java.lang.module.ModuleFinder[]","24 B (0%)","1 (0%)"
"sun.nio.cs.Surrogate$Parser","24 B (0%)","1 (0%)"
"sun.management.MemoryImpl","24 B (0%)","1 (0%)"
"java.lang.invoke.StringConcatFactory$Stringifiers$StringifierMost","24 B (0%)","1 (0%)"
"java.util.logging.LogManager$LoggerContext","24 B (0%)","1 (0%)"
"java.util.zip.ZipCoder$UTF8","24 B (0%)","1 (0%)"
"java.lang.module.ModuleFinder$2","24 B (0%)","1 (0%)"
"jdk.internal.module.IllegalAccessLogger$$Lambda$75.0x0000000100125840","24 B (0%)","1 (0%)"
"java.net.InetSocketAddress$InetSocketAddressHolder","24 B (0%)","1 (0%)"
"sun.security.jca.GetInstance$Instance","24 B (0%)","1 (0%)"
"java.util.concurrent.CompletableFuture","24 B (0%)","1 (0%)"
"jdk.internal.module.ModuleHashes","24 B (0%)","1 (0%)"
"java.net.InetAddress","24 B (0%)","1 (0%)"
"java.util.stream.Collectors$$Lambda$66.0x0000000100116840","24 B (0%)","1 (0%)"
"java.lang.Double","24 B (0%)","1 (0%)"
"java.lang.invoke.MethodType$ConcurrentWeakInternSet","24 B (0%)","1 (0%)"
"sun.management.CompilationImpl","24 B (0%)","1 (0%)"
"jdk.internal.module.SystemModuleFinders$SystemModuleFinder","24 B (0%)","1 (0%)"
"jdk.internal.jimage.ImageReaderFactory$1","16 B (0%)","1 (0%)"
"jdk.internal.logger.BootstrapLogger$DetectBackend$1","16 B (0%)","1 (0%)"
"java.util.stream.FindOps$FindSink$OfRef$$Lambda$12.0x0000000100067040","16 B (0%)","1 (0%)"
"java.nio.Buffer$1","16 B (0%)","1 (0%)"
"java.lang.reflect.ReflectAccess","16 B (0%)","1 (0%)"
"jdk.internal.util.Preconditions$1","16 B (0%)","1 (0%)"
"java.util.logging.LogManager$1","16 B (0%)","1 (0%)"
"java.lang.CharacterDataLatin1","16 B (0%)","1 (0%)"
"sun.nio.ch.FileChannelImpl$1","16 B (0%)","1 (0%)"
"java.lang.invoke.MethodHandleImpl$1","16 B (0%)","1 (0%)"
"com.sun.jmx.interceptor.DefaultMBeanServerInterceptor$ResourceContext$1","16 B (0%)","1 (0%)"
"jdk.internal.reflect.BootstrapConstructorAccessorImpl","16 B (0%)","1 (0%)"
"java.lang.Float","16 B (0%)","1 (0%)"
"jdk.internal.perf.Perf$GetPerfAction","16 B (0%)","1 (0%)"
"jdk.internal.misc.Unsafe","16 B (0%)","1 (0%)"
"jdk.internal.jimage.decompressor.Decompressor","16 B (0%)","1 (0%)"
"jdk.internal.jimage.NativeImageBuffer$1","16 B (0%)","1 (0%)"
"sun.reflect.generics.tree.TypeVariableSignature","16 B (0%)","1 (0%)"
"java.lang.invoke.MemberName$Factory","16 B (0%)","1 (0%)"
"jdk.internal.module.DefaultRoots$$Lambda$1.0x0000000100060040","16 B (0%)","1 (0%)"
"java.net.Socket$3","16 B (0%)","1 (0%)"
"java.net.Socket$2","16 B (0%)","1 (0%)"
"sun.security.provider.SunEntries$1","16 B (0%)","1 (0%)"
"jdk.internal.logger.LazyLoggers$1","16 B (0%)","1 (0%)"
"com.sun.jmx.mbeanserver.SecureClassLoaderRepository","16 B (0%)","1 (0%)"
"java.lang.module.ModuleDescriptor$1","16 B (0%)","1 (0%)"
"java.util.stream.Collectors$$Lambda$8.0x0000000100064040","16 B (0%)","1 (0%)"
"java.util.concurrent.ForkJoinPool$DefaultForkJoinWorkerThreadFactory","16 B (0%)","1 (0%)"
"java.lang.System$LoggerFinder$$Lambda$72.0x0000000100126840","16 B (0%)","1 (0%)"
"java.util.regex.Pattern$$Lambda$61.0x0000000100110840","16 B (0%)","1 (0%)"
"java.util.ResourceBundle$ResourceBundleControlProviderHolder$$Lambda$21.0x0000000100064840","16 B (0%)","1 (0%)"
"java.util.zip.CRC32","16 B (0%)","1 (0%)"
"jdk.internal.module.DefaultRoots$$Lambda$16.0x0000000100066440","16 B (0%)","1 (0%)"
"jdk.net.ExtendedSocketOptions$PlatformSocketOptions$1","16 B (0%)","1 (0%)"
"java.io.ObjectInputStream$$Lambda$32.0x0000000100085040","16 B (0%)","1 (0%)"
"java.util.IdentityHashMap$Values","16 B (0%)","1 (0%)"
"java.io.RandomAccessFile$2","16 B (0%)","1 (0%)"
"sun.management.ClassLoadingImpl","16 B (0%)","1 (0%)"
"java.util.regex.Pattern$Begin","16 B (0%)","1 (0%)"
"java.net.URL$DefaultFactory","16 B (0%)","1 (0%)"
"java.util.regex.Pattern$1","16 B (0%)","1 (0%)"
"jdk.internal.module.ModuleLoaderMap$Mapper","16 B (0%)","1 (0%)"
"java.lang.reflect.AccessibleObject$$Lambda$74.0x0000000100126440","16 B (0%)","1 (0%)"
"java.util.Collections$EmptyList","16 B (0%)","1 (0%)"
"java.lang.StringCoding$1","16 B (0%)","1 (0%)"
"java.lang.System$2","16 B (0%)","1 (0%)"
"java.lang.management.ManagementFactory$$Lambda$57.0x00000001000d6840","16 B (0%)","1 (0%)"
"java.util.stream.FindOps$FindSink$OfRef$$Lambda$11.0x0000000100067c40","16 B (0%)","1 (0%)"
"sun.nio.ch.IOUtil$1","16 B (0%)","1 (0%)"
"jdk.internal.module.DefaultRoots$$Lambda$4.0x0000000100061040","16 B (0%)","1 (0%)"
"sun.util.cldr.CLDRBaseLocaleDataMetaInfo","16 B (0%)","1 (0%)"
"java.util.ResourceBundle$Control","16 B (0%)","1 (0%)"
"jdk.internal.jimage.ImageBufferCache$2","16 B (0%)","1 (0%)"
"jdk.internal.jimage.ImageBufferCache$1","16 B (0%)","1 (0%)"
"java.util.stream.Collectors$$Lambda$5.0x0000000100061440","16 B (0%)","1 (0%)"
"java.time.zone.ZoneOffsetTransitionRule[]","16 B (0%)","1 (0%)"
"jdk.internal.module.SystemModuleFinders$SystemModuleReader$$Lambda$83.0x0000000100120840","16 B (0%)","1 (0%)"
"sun.util.cldr.CLDRLocaleProviderAdapter$$Lambda$27.0x0000000100086840","16 B (0%)","1 (0%)"
"java.net.URL$3","16 B (0%)","1 (0%)"
"sun.util.cldr.CLDRLocaleProviderAdapter$1","16 B (0%)","1 (0%)"
"jdk.internal.reflect.Label","16 B (0%)","1 (0%)"
"java.util.regex.CharPredicates$$Lambda$59.0x000000010010fc40","16 B (0%)","1 (0%)"
"java.util.Spliterators$EmptySpliterator$OfLong","16 B (0%)","1 (0%)"
"java.util.logging.Handler[]","16 B (0%)","1 (0%)"
"sun.util.resources.provider.NonBaseLocaleDataMetaInfo","16 B (0%)","1 (0%)"
"sun.util.locale.provider.JRELocaleProviderAdapter$$Lambda$28.0x0000000100086c40","16 B (0%)","1 (0%)"
"java.lang.ref.Cleaner$1","16 B (0%)","1 (0%)"
"sun.net.www.protocol.jrt.JavaRuntimeURLConnection$$Lambda$77.0x0000000100124840","16 B (0%)","1 (0%)"
"sun.reflect.misc.MethodUtil$1","16 B (0%)","1 (0%)"
"sun.util.logging.internal.LoggingProviderImpl","16 B (0%)","1 (0%)"
"java.lang.management.DefaultPlatformMBeanProvider$5$$Lambda$63.0x0000000100117840","16 B (0%)","1 (0%)"
"sun.util.locale.provider.JRELocaleProviderAdapter$$Lambda$29.0x0000000100086040","16 B (0%)","1 (0%)"
"java.util.Collections$EmptyIterator","16 B (0%)","1 (0%)"
"java.lang.management.DefaultPlatformMBeanProvider$5$$Lambda$64.0x0000000100117c40","16 B (0%)","1 (0%)"
"jdk.internal.module.SystemModules$all","16 B (0%)","1 (0%)"
"jdk.internal.jimage.ImageStringsReader","16 B (0%)","1 (0%)"
"java.util.logging.LogManager$VisitedLoggers","16 B (0%)","1 (0%)"
"java.lang.ModuleLayer$Controller","16 B (0%)","1 (0%)"
"jdk.management.jfr.SettingDescriptorInfo$1","16 B (0%)","1 (0%)"
"java.util.concurrent.ForkJoinPool$1","16 B (0%)","1 (0%)"
"java.lang.management.DefaultPlatformMBeanProvider","16 B (0%)","1 (0%)"
"java.util.Spliterators$EmptySpliterator$OfDouble","16 B (0%)","1 (0%)"
"sun.net.www.protocol.jar.JarFileFactory","16 B (0%)","1 (0%)"
"java.util.concurrent.CompletableFuture$AltResult","16 B (0%)","1 (0%)"
"java.lang.management.DefaultPlatformMBeanProvider$10$$Lambda$73.0x0000000100126040","16 B (0%)","1 (0%)"
"com.sun.jmx.mbeanserver.JmxMBeanServer$3","16 B (0%)","1 (0%)"
"java.util.regex.Pattern$Node","16 B (0%)","1 (0%)"
"com.sun.jmx.mbeanserver.JmxMBeanServer$2","16 B (0%)","1 (0%)"
"java.text.MessageFormat$Field","16 B (0%)","1 (0%)"
"java.util.function.Function$$Lambda$44.0x0000000100082040","16 B (0%)","1 (0%)"
"sun.net.www.protocol.jrt.Handler","16 B (0%)","1 (0%)"
"java.io.ObjectInputStream$$Lambda$31.0x0000000100085c40","16 B (0%)","1 (0%)"
"java.lang.ProcessImpl$Platform$$Lambda$78.0x0000000100124c40","16 B (0%)","1 (0%)"
"java.lang.management.ManagementFactory$PlatformMBeanFinder$$Lambda$45.0x0000000100081840","16 B (0%)","1 (0%)"
"java.lang.management.ManagementFactory$PlatformMBeanFinder$$Lambda$39.0x0000000100083c40","16 B (0%)","1 (0%)"
"java.security.Provider[]","16 B (0%)","1 (0%)"
"jdk.internal.math.FloatingDecimal$1","16 B (0%)","1 (0%)"
"java.util.stream.Collectors$$Lambda$65.0x0000000100117040","16 B (0%)","1 (0%)"
"java.net.InetAddress$2","16 B (0%)","1 (0%)"
"java.net.InetAddress$1","16 B (0%)","1 (0%)"
"java.lang.module.ModuleFinder$2$$Lambda$17.0x0000000100065840","16 B (0%)","1 (0%)"
"java.io.ObjectInputFilter$Config$$Lambda$34.0x0000000100084840","16 B (0%)","1 (0%)"
"sun.security.util.KnownOIDs$11","16 B (0%)","1 (0%)"
"java.util.logging.LogManager$LoggingProviderAccess","16 B (0%)","1 (0%)"
"java.util.concurrent.ConcurrentSkipListSet","16 B (0%)","1 (0%)"
"jdk.internal.module.ModulePatcher","16 B (0%)","1 (0%)"
"sun.reflect.generics.tree.VoidDescriptor","16 B (0%)","1 (0%)"
"java.util.logging.Level$$Lambda$70.0x0000000100127040","16 B (0%)","1 (0%)"
"jdk.net.ExtendedSocketOptions$1","16 B (0%)","1 (0%)"
"com.sun.proxy.$Proxy0","16 B (0%)","1 (0%)"
"com.sun.proxy.$Proxy1","16 B (0%)","1 (0%)"
"jdk.internal.reflect.GeneratedConstructorAccessor1","16 B (0%)","1 (0%)"
"java.lang.ProcessBuilder$NullOutputStream","16 B (0%)","1 (0%)"
"java.util.stream.Collectors$$Lambda$23.0x0000000100080040","16 B (0%)","1 (0%)"
"java.lang.InheritableThreadLocal","16 B (0%)","1 (0%)"
"jdk.internal.ref.CleanerFactory$1","16 B (0%)","1 (0%)"
"java.lang.management.ManagementFactory$$Lambda$55.0x00000001000d7040","16 B (0%)","1 (0%)"
"java.io.ObjectInputFilter$Config$$Lambda$33.0x0000000100085440","16 B (0%)","1 (0%)"
"com.sun.jmx.mbeanserver.MBeanAnalyzer$MethodOrder","16 B (0%)","1 (0%)"
"jdk.net.LinuxSocketOptions$$Lambda$26.0x0000000100087c40","16 B (0%)","1 (0%)"
"java.lang.ProcessHandleImpl$$Lambda$79.0x0000000100124040","16 B (0%)","1 (0%)"
"sun.util.locale.InternalLocaleBuilder$CaseInsensitiveChar","16 B (0%)","1 (0%)"
"java.lang.invoke.StringConcatFactory$MethodHandleInlineCopyStrategy$3","16 B (0%)","1 (0%)"
"java.lang.invoke.StringConcatFactory$MethodHandleInlineCopyStrategy$1","16 B (0%)","1 (0%)"
"java.lang.invoke.StringConcatFactory$MethodHandleInlineCopyStrategy$2","16 B (0%)","1 (0%)"
"jdk.internal.reflect.ClassDefiner$1","16 B (0%)","1 (0%)"
"sun.util.calendar.ZoneInfoFile$Checksum","16 B (0%)","1 (0%)"
"java.lang.ref.Cleaner","16 B (0%)","1 (0%)"
"com.sun.management.internal.PlatformMBeanProviderImpl","16 B (0%)","1 (0%)"
"java.util.stream.FindOps$FindSink$OfRef$$Lambda$14.0x0000000100066840","16 B (0%)","1 (0%)"
"java.lang.Runtime","16 B (0%)","1 (0%)"
"java.nio.file.Files$AcceptAllFilter","16 B (0%)","1 (0%)"
"java.util.concurrent.ThreadPoolExecutor$AbortPolicy","16 B (0%)","1 (0%)"
"sun.security.jca.ProviderList$2","16 B (0%)","1 (0%)"
"java.io.DeleteOnExitHook$1","16 B (0%)","1 (0%)"
"java.util.logging.Logging","16 B (0%)","1 (0%)"
"java.lang.String$CaseInsensitiveComparator","16 B (0%)","1 (0%)"
"java.lang.reflect.Proxy$$Lambda$68.0x0000000100127840","16 B (0%)","1 (0%)"
"com.sun.management.internal.HotSpotDiagnostic","16 B (0%)","1 (0%)"
"java.lang.ApplicationShutdownHooks$1","16 B (0%)","1 (0%)"
"com.sun.jmx.mbeanserver.DefaultMXBeanMappingFactory","16 B (0%)","1 (0%)"
"java.io.FileDescriptor$1","16 B (0%)","1 (0%)"
"javax.management.JMX","16 B (0%)","1 (0%)"
"java.lang.management.ManagementFactory$PlatformMBeanFinder$$Lambda$43.0x0000000100082c40","16 B (0%)","1 (0%)"
"java.lang.management.ManagementFactory$PlatformMBeanFinder$$Lambda$42.0x0000000100082840","16 B (0%)","1 (0%)"
"sun.security.provider.SunEntries","16 B (0%)","1 (0%)"
"java.util.stream.Collectors$$Lambda$46.0x0000000100081c40","16 B (0%)","1 (0%)"
"java.lang.ProcessBuilder$NullInputStream","16 B (0%)","1 (0%)"
"java.time.chrono.IsoChronology","16 B (0%)","1 (0%)"
"jdk.internal.module.ModuleTarget","16 B (0%)","1 (0%)"
"java.util.regex.Pattern$LastNode","16 B (0%)","1 (0%)"
"java.net.ServerSocket$2","16 B (0%)","1 (0%)"
"java.util.stream.Collectors$$Lambda$24.0x0000000100080440","16 B (0%)","1 (0%)"
"java.lang.ProcessImpl$$Lambda$82.0x0000000100121c40","16 B (0%)","1 (0%)"
"sun.net.www.protocol.jar.Handler","16 B (0%)","1 (0%)"
"com.sun.jmx.mbeanserver.MBeanInstantiator","16 B (0%)","1 (0%)"
"sun.reflect.generics.tree.LongSignature","16 B (0%)","1 (0%)"
"java.lang.management.ManagementFactory$$Lambda$38.0x0000000100083840","16 B (0%)","1 (0%)"
"sun.util.locale.provider.TimeZoneNameUtility$TimeZoneNameGetter","16 B (0%)","1 (0%)"
"com.sun.jmx.mbeanserver.DescriptorCache","16 B (0%)","1 (0%)"
"java.net.AbstractPlainSocketImpl$1","16 B (0%)","1 (0%)"
"java.util.EnumMap$1","16 B (0%)","1 (0%)"
"java.security.CodeSigner[]","16 B (0%)","1 (0%)"
"java.lang.Throwable[]","16 B (0%)","1 (0%)"
"java.nio.Bits$1","16 B (0%)","1 (0%)"
"javax.management.StandardMBean$MBeanInfoSafeAction","16 B (0%)","1 (0%)"
"java.util.logging.Level$KnownLevel$$Lambda$71.0x0000000100127440","16 B (0%)","1 (0%)"
"java.lang.management.ManagementFactory$$Lambda$56.0x00000001000d7440","16 B (0%)","1 (0%)"
"javax.management.MBeanServerBuilder","16 B (0%)","1 (0%)"
"java.security.Security$1","16 B (0%)","1 (0%)"
"java.util.Collections$EmptyEnumeration","16 B (0%)","1 (0%)"
"sun.nio.fs.NativeBuffers$1","16 B (0%)","1 (0%)"
"java.lang.Terminator$1","16 B (0%)","1 (0%)"
"java.util.stream.Collectors$$Lambda$22.0x0000000100064c40","16 B (0%)","1 (0%)"
"java.net.URLClassLoader$7","16 B (0%)","1 (0%)"
"sun.nio.fs.LinuxFileSystemProvider","16 B (0%)","1 (0%)"
"sun.util.calendar.ZoneInfoFile$ZoneOffsetTransitionRule[]","16 B (0%)","1 (0%)"
"java.io.ObjectInputStream$ValidationList","16 B (0%)","1 (0%)"
"java.net.InetAddress$PlatformNameService","16 B (0%)","1 (0%)"
"java.net.URI$1","16 B (0%)","1 (0%)"
"java.util.stream.Collectors$$Lambda$6.0x0000000100063040","16 B (0%)","1 (0%)"
"sun.util.calendar.Gregorian","16 B (0%)","1 (0%)"
"java.util.jar.Attributes","16 B (0%)","1 (0%)"
"java.util.Collections$EmptySet","16 B (0%)","1 (0%)"
"jdk.internal.module.DefaultRoots$$Lambda$3.0x0000000100060c40","16 B (0%)","1 (0%)"
"java.lang.invoke.ClassSpecializer$1","16 B (0%)","1 (0%)"
"java.lang.module.ModuleFinder$1","16 B (0%)","1 (0%)"
"java.lang.ModuleLayer$$Lambda$20.0x0000000100065440","16 B (0%)","1 (0%)"
"jdk.internal.module.IllegalAccessLogger$$Lambda$76.0x0000000100125c40","16 B (0%)","1 (0%)"
"com.sun.management.internal.PlatformMBeanProviderImpl$$Lambda$41.0x0000000100083440","16 B (0%)","1 (0%)"
"java.lang.ref.Reference$1","16 B (0%)","1 (0%)"
"jdk.net.LinuxSocketOptions","16 B (0%)","1 (0%)"
"java.util.zip.ZipFile$1","16 B (0%)","1 (0%)"
"sun.security.provider.NativePRNG","16 B (0%)","1 (0%)"
"java.net.InetSocketAddress","16 B (0%)","1 (0%)"
"java.util.ResourceBundle$ResourceBundleControlProviderHolder$$Lambda$19.0x0000000100065040","16 B (0%)","1 (0%)"
"jdk.internal.module.DefaultRoots$$Lambda$2.0x0000000100060840","16 B (0%)","1 (0%)"
"java.io.FilePermission$1","16 B (0%)","1 (0%)"
"java.security.ProtectionDomain$JavaSecurityAccessImpl","16 B (0%)","1 (0%)"
"java.nio.channels.spi.AbstractInterruptibleChannel$1","16 B (0%)","1 (0%)"
"java.lang.management.ManagementFactory$PlatformMBeanFinder$$Lambda$40.0x0000000100083040","16 B (0%)","1 (0%)"
"java.util.regex.Pattern$$Lambda$37.0x0000000100084440","16 B (0%)","1 (0%)"
"sun.nio.fs.UnixNativeDispatcher$1","16 B (0%)","1 (0%)"
"java.util.stream.FindOps$FindSink$OfRef$$Lambda$13.0x0000000100067440","16 B (0%)","1 (0%)"
"java.util.Spliterators$EmptySpliterator$OfRef","16 B (0%)","1 (0%)"
"java.lang.management.ManagementFactory$PlatformMBeanFinder$$Lambda$50.0x00000001000d0040","16 B (0%)","1 (0%)"
"java.lang.management.ManagementFactory$PlatformMBeanFinder$$Lambda$49.0x0000000100080c40","16 B (0%)","1 (0%)"
"com.sun.jmx.mbeanserver.MXBeanIntrospector","16 B (0%)","1 (0%)"
"jdk.management.jfr.internal.FlightRecorderMXBeanProvider","16 B (0%)","1 (0%)"
"java.util.stream.Collectors$$Lambda$7.0x0000000100063440","16 B (0%)","1 (0%)"
"java.util.jar.JavaUtilJarAccessImpl","16 B (0%)","1 (0%)"
"sun.util.resources.LocaleData$LocaleDataStrategy","16 B (0%)","1 (0%)"
"java.util.Spliterators$EmptySpliterator$OfInt","16 B (0%)","1 (0%)"
"jdk.internal.misc.TerminatingThreadLocal$1","16 B (0%)","1 (0%)"
"java.util.stream.Collectors$$Lambda$67.0x0000000100116c40","16 B (0%)","1 (0%)"
"java.security.cert.Certificate[]","16 B (0%)","1 (0%)"
"java.nio.file.FileSystems$DefaultFileSystemHolder$1","16 B (0%)","1 (0%)"
"java.lang.invoke.VarHandle$1","16 B (0%)","1 (0%)"
"java.lang.module.ModuleFinder$2$$Lambda$10.0x0000000100067840","16 B (0%)","1 (0%)"
"java.util.concurrent.SynchronousQueue$TransferStack","16 B (0%)","1 (0%)"
"jdk.internal.perf.Perf","16 B (0%)","1 (0%)"
"jdk.internal.reflect.ReflectionFactory","16 B (0%)","1 (0%)"
"javax.management.NotificationBroadcasterSupport$1","16 B (0%)","1 (0%)"
"java.util.ResourceBundle$1","16 B (0%)","1 (0%)"
"sun.net.www.protocol.file.Handler","16 B (0%)","1 (0%)"
"jdk.internal.logger.LazyLoggers$LazyLoggerFactories","16 B (0%)","1 (0%)"
"java.time.zone.ZoneRulesProvider$1","16 B (0%)","1 (0%)"
"sun.nio.ch.Util$1","16 B (0%)","1 (0%)"
"sun.nio.ch.Util$3","16 B (0%)","1 (0%)"
"sun.util.calendar.ZoneInfoFile$1","16 B (0%)","1 (0%)"
